date,city,temp_max_c,temp_min_c,precipitation_mm,snowfall_cm,windspeed_max_kmh
2023-01-01,Chicago,8.5,1.2,3.3,0.0,17.1
2023-01-02,Chicago,4.6,-0.5,0.3,0.0,18.1
2023-01-03,Chicago,12.7,4.0,13.1,0.0,23.6
2023-01-04,Chicago,8.8,0.2,0.0,0.0,23.0
2023-01-05,Chicago,0.9,-0.4,1.3,0.91,21.3
2023-01-06,Chicago,0.9,-3.8,0.0,0.0,18.6
2023-01-07,Chicago,0.7,-3.3,0.0,0.0,15.3
2023-01-08,Chicago,1.5,-3.1,0.0,0.0,13.0
2023-01-09,Chicago,5.7,-4.9,0.0,0.0,20.2
2023-01-10,Chicago,8.0,0.7,0.4,0.0,20.1
2023-01-11,Chicago,10.6,0.7,0.0,0.0,21.0
2023-01-12,Chicago,6.7,1.8,0.1,0.0,37.9
2023-01-13,Chicago,1.4,-2.6,0.8,0.49,35.7
2023-01-14,Chicago,0.3,-5.7,0.0,0.0,16.6
2023-01-15,Chicago,5.1,-3.8,0.0,0.0,30.5
2023-01-16,Chicago,8.7,2.4,8.8,0.0,28.4
2023-01-17,Chicago,8.7,2.7,0.0,0.0,34.1
2023-01-18,Chicago,3.5,-0.1,8.4,1.05,35.2
2023-01-19,Chicago,5.3,1.3,9.6,0.42,38.2
2023-01-20,Chicago,1.4,-2.7,0.2,0.0,26.7
2023-01-21,Chicago,2.5,-2.8,0.0,0.0,16.1
2023-01-22,Chicago,0.8,-1.4,2.5,1.75,19.2
2023-01-23,Chicago,-0.3,-5.8,0.1,0.07,28.7
2023-01-24,Chicago,1.7,-3.4,0.0,0.0,25.0
2023-01-25,Chicago,0.9,-1.1,9.2,6.16,21.4
2023-01-26,Chicago,-0.7,-7.6,1.8,1.33,26.3
2023-01-27,Chicago,2.9,-11.2,0.3,0.21,39.6
2023-01-28,Chicago,-0.8,-9.2,1.9,1.33,24.2
2023-01-29,Chicago,-0.6,-6.8,1.7,1.26,29.6
2023-01-30,Chicago,-7.7,-16.6,1.1,0.77,23.5
2023-01-31,Chicago,-10.3,-19.5,0.0,0.0,17.2
2023-02-01,Chicago,-2.9,-17.4,0.0,0.0,23.7
2023-02-02,Chicago,-0.2,-9.8,0.0,0.0,27.1
2023-02-03,Chicago,-10.4,-17.9,0.0,0.0,30.5
2023-02-04,Chicago,5.4,-10.3,0.0,0.0,33.4
2023-02-05,Chicago,5.8,-2.9,0.0,0.0,32.6
2023-02-06,Chicago,5.2,-5.7,0.0,0.0,35.9
2023-02-07,Chicago,9.7,-1.2,0.0,0.0,40.3
2023-02-08,Chicago,5.5,-4.4,0.0,0.0,14.0
2023-02-09,Chicago,9.3,1.7,19.2,0.0,31.0
2023-02-10,Chicago,3.1,-4.2,0.1,0.0,23.4
2023-02-11,Chicago,7.0,-6.2,0.0,0.0,22.2
2023-02-12,Chicago,10.0,-2.9,0.0,0.0,22.5
2023-02-13,Chicago,9.8,0.8,0.0,0.0,22.5
2023-02-14,Chicago,11.5,-0.1,2.5,0.0,45.7
2023-02-15,Chicago,9.7,1.0,2.7,0.0,48.2
2023-02-16,Chicago,1.9,-3.0,13.0,6.93,44.7
2023-02-17,Chicago,-3.7,-7.8,0.8,0.49,38.7
2023-02-18,Chicago,7.4,-6.1,0.0,0.0,27.8
2023-02-19,Chicago,10.4,2.8,0.0,0.0,30.9
2023-02-20,Chicago,3.8,-1.9,0.0,0.0,22.5
2023-02-21,Chicago,3.3,-3.8,0.0,0.0,32.7
2023-02-22,Chicago,1.9,0.0,31.0,0.0,36.1
2023-02-23,Chicago,7.4,-3.8,0.1,0.0,37.6
2023-02-24,Chicago,-3.1,-5.7,1.4,0.98,23.0
2023-02-25,Chicago,4.0,-2.7,0.3,0.21,23.1
2023-02-26,Chicago,6.8,-2.6,0.0,0.0,25.3
2023-02-27,Chicago,14.7,2.1,19.1,0.0,38.2
2023-02-28,Chicago,7.9,-0.2,0.0,0.0,25.2
2023-03-01,Chicago,14.1,1.4,4.2,0.0,21.6
2023-03-02,Chicago,4.3,0.1,0.0,0.0,22.0
2023-03-03,Chicago,2.7,0.1,6.5,3.71,36.8
2023-03-04,Chicago,8.8,-2.3,0.8,0.0,20.2
2023-03-05,Chicago,5.1,-2.6,0.3,0.0,29.8
2023-03-06,Chicago,12.9,2.7,9.6,1.54,30.6
2023-03-07,Chicago,4.2,1.6,0.0,0.0,30.4
2023-03-08,Chicago,4.6,0.7,0.0,0.0,23.7
2023-03-09,Chicago,3.1,1.2,6.7,3.08,26.8
2023-03-10,Chicago,1.7,0.5,6.6,3.99,27.7
2023-03-11,Chicago,3.5,0.8,1.9,1.12,22.7
2023-03-12,Chicago,3.4,-1.5,3.8,1.89,21.8
2023-03-13,Chicago,0.7,-3.1,1.2,0.91,43.3
2023-03-14,Chicago,0.1,-6.8,0.0,0.0,19.1
2023-03-15,Chicago,9.4,-5.4,0.0,0.0,27.3
2023-03-16,Chicago,10.1,2.9,2.6,0.0,29.3
2023-03-17,Chicago,9.8,-4.3,3.2,0.0,36.0
2023-03-18,Chicago,-2.9,-10.6,0.0,0.0,35.4
2023-03-19,Chicago,4.7,-7.4,0.0,0.0,26.8
2023-03-20,Chicago,9.9,-2.3,0.0,0.0,35.7
2023-03-21,Chicago,10.0,0.9,0.0,0.0,27.4
2023-03-22,Chicago,13.2,3.6,2.5,0.0,24.3
2023-03-23,Chicago,6.0,1.7,2.7,0.0,36.0
2023-03-24,Chicago,4.6,1.1,1.7,0.0,26.9
2023-03-25,Chicago,5.6,0.8,17.6,1.05,39.5
2023-03-26,Chicago,5.8,-1.4,0.3,0.07,25.0
2023-03-27,Chicago,4.4,-1.0,0.0,0.0,28.7
2023-03-28,Chicago,9.0,-2.8,0.6,0.0,18.9
2023-03-29,Chicago,4.7,-2.5,0.2,0.07,24.5
2023-03-30,Chicago,9.6,-2.7,0.0,0.0,35.3
2023-03-31,Chicago,20.4,9.6,11.8,0.0,43.9
2023-04-01,Chicago,11.7,0.5,1.3,0.0,38.2
2023-04-02,Chicago,11.4,-2.2,0.0,0.0,29.9
2023-04-03,Chicago,12.4,4.6,8.9,0.0,26.4
2023-04-04,Chicago,20.9,5.1,11.3,0.0,45.2
2023-04-05,Chicago,22.2,4.0,18.0,0.0,43.8
2023-04-06,Chicago,10.9,0.3,0.0,0.0,22.7
2023-04-07,Chicago,6.0,1.9,0.0,0.0,18.4
2023-04-08,Chicago,12.8,2.1,0.0,0.0,16.7
2023-04-09,Chicago,17.7,3.5,0.0,0.0,17.2
2023-04-10,Chicago,19.8,5.9,0.0,0.0,19.7
2023-04-11,Chicago,23.2,8.6,0.0,0.0,27.6
2023-04-12,Chicago,24.7,12.5,0.0,0.0,34.8
2023-04-13,Chicago,25.7,10.6,0.0,0.0,23.2
2023-04-14,Chicago,24.7,10.5,0.2,0.0,18.5
2023-04-15,Chicago,26.7,16.3,0.6,0.0,26.5
2023-04-16,Chicago,16.1,2.2,7.0,0.07,44.3
2023-04-17,Chicago,5.5,0.1,2.9,1.96,41.3
2023-04-18,Chicago,13.0,-0.7,0.0,0.0,22.7
2023-04-19,Chicago,19.8,5.2,1.0,0.0,25.6
2023-04-20,Chicago,25.8,11.9,5.0,0.0,41.0
2023-04-21,Chicago,16.0,5.8,0.0,0.0,28.8
2023-04-22,Chicago,7.7,2.8,1.9,0.14,30.4
2023-04-23,Chicago,6.2,1.6,2.9,0.07,20.8
2023-04-24,Chicago,9.8,0.6,0.2,0.0,21.2
2023-04-25,Chicago,6.5,2.9,4.0,0.07,26.0
2023-04-26,Chicago,6.7,2.8,0.0,0.0,19.6
2023-04-27,Chicago,15.7,1.3,0.0,0.0,19.7
2023-04-28,Chicago,10.3,5.5,0.0,0.0,18.4
2023-04-29,Chicago,14.8,2.9,3.0,0.0,27.4
2023-04-30,Chicago,8.9,3.4,3.1,0.0,34.0
2023-05-01,Chicago,8.1,4.1,5.9,0.0,39.8
2023-05-02,Chicago,11.5,4.3,0.4,0.0,33.0
2023-05-03,Chicago,8.1,3.0,0.0,0.0,29.8
2023-05-04,Chicago,17.9,2.7,0.0,0.0,24.6
2023-05-05,Chicago,23.9,10.1,0.0,0.0,27.5
2023-05-06,Chicago,24.7,12.3,0.6,0.0,27.7
2023-05-07,Chicago,24.6,8.5,1.7,0.0,29.3
2023-05-08,Chicago,14.9,7.3,10.8,0.0,25.3
2023-05-09,Chicago,13.1,7.4,0.0,0.0,17.7
2023-05-10,Chicago,18.6,6.7,0.0,0.0,15.0
2023-05-11,Chicago,23.4,11.6,0.0,0.0,17.3
2023-05-12,Chicago,19.6,13.7,19.0,0.0,16.5
2023-05-13,Chicago,15.3,11.6,1.0,0.0,19.4
2023-05-14,Chicago,13.7,10.0,0.0,0.0,26.0
2023-05-15,Chicago,13.3,8.6,0.0,0.0,19.6
2023-05-16,Chicago,25.2,8.3,0.0,0.0,25.7
2023-05-17,Chicago,12.8,7.5,0.0,0.0,27.6
2023-05-18,Chicago,19.1,6.9,0.0,0.0,24.1
2023-05-19,Chicago,23.4,11.7,5.2,0.0,26.5
2023-05-20,Chicago,18.2,8.9,0.0,0.0,22.6
2023-05-21,Chicago,22.6,10.8,0.0,0.0,21.3
2023-05-22,Chicago,22.8,11.9,0.0,0.0,24.6
2023-05-23,Chicago,26.2,14.4,0.0,0.0,21.2
2023-05-24,Chicago,15.8,9.4,0.0,0.0,31.7
2023-05-25,Chicago,13.4,8.3,0.0,0.0,27.7
2023-05-26,Chicago,17.1,8.7,0.0,0.0,24.7
2023-05-27,Chicago,19.7,9.2,0.0,0.0,21.9
2023-05-28,Chicago,22.3,11.4,0.0,0.0,19.4
2023-05-29,Chicago,22.9,11.8,0.0,0.0,18.0
2023-05-30,Chicago,26.2,14.2,0.0,0.0,17.9
2023-05-31,Chicago,30.2,16.3,2.5,0.0,21.5
2023-06-01,Chicago,30.2,18.2,0.0,0.0,23.5
2023-06-02,Chicago,27.3,16.3,0.0,0.0,20.2
2023-06-03,Chicago,25.6,15.9,0.0,0.0,25.3
2023-06-04,Chicago,23.1,15.2,0.0,0.0,25.2
2023-06-05,Chicago,25.1,12.7,0.0,0.0,18.3
2023-06-06,Chicago,20.4,14.1,0.2,0.0,26.6
2023-06-07,Chicago,19.0,13.3,0.0,0.0,27.8
2023-06-08,Chicago,19.7,12.4,0.0,0.0,19.5
2023-06-09,Chicago,23.4,12.9,0.0,0.0,21.1
2023-06-10,Chicago,28.9,15.5,0.0,0.0,18.3
2023-06-11,Chicago,20.6,11.3,4.4,0.0,40.3
2023-06-12,Chicago,18.9,9.7,1.1,0.0,32.1
2023-06-13,Chicago,19.4,12.8,10.8,0.0,29.8
2023-06-14,Chicago,19.1,14.0,0.0,0.0,17.7
2023-06-15,Chicago,27.2,11.2,0.2,0.0,29.8
2023-06-16,Chicago,17.3,11.2,0.0,0.0,26.3
2023-06-17,Chicago,22.5,11.0,0.0,0.0,17.5
2023-06-18,Chicago,25.7,15.0,0.0,0.0,25.1
2023-06-19,Chicago,25.9,17.4,0.0,0.0,23.7
2023-06-20,Chicago,23.0,15.8,0.0,0.0,27.4
2023-06-21,Chicago,26.3,15.9,0.0,0.0,26.0
2023-06-22,Chicago,25.0,17.1,0.0,0.0,21.0
2023-06-23,Chicago,25.3,17.3,0.0,0.0,19.5
2023-06-24,Chicago,28.7,17.3,0.0,0.0,23.4
2023-06-25,Chicago,29.5,19.8,7.1,0.0,37.6
2023-06-26,Chicago,24.3,19.2,5.1,0.0,28.0
2023-06-27,Chicago,20.6,16.1,0.2,0.0,25.6
2023-06-28,Chicago,25.4,13.7,0.1,0.0,18.9
2023-06-29,Chicago,30.3,20.1,32.8,0.0,21.2
2023-06-30,Chicago,30.7,21.4,0.0,0.0,15.0
2023-07-01,Chicago,26.6,21.1,23.4,0.0,15.0
2023-07-02,Chicago,21.4,16.9,137.8,0.0,42.0
2023-07-03,Chicago,23.7,16.5,0.0,0.0,16.6
2023-07-04,Chicago,29.6,18.3,0.1,0.0,15.5
2023-07-05,Chicago,29.7,21.0,38.9,0.0,19.6
2023-07-06,Chicago,21.4,18.1,1.0,0.0,19.3
2023-07-07,Chicago,23.1,17.7,0.1,0.0,17.1
2023-07-08,Chicago,20.6,17.3,7.8,0.0,20.0
2023-07-09,Chicago,26.1,15.4,0.3,0.0,16.0
2023-07-10,Chicago,29.1,16.7,0.0,0.0,22.3
2023-07-11,Chicago,28.8,18.4,7.0,0.0,25.8
2023-07-12,Chicago,25.3,17.2,33.8,0.0,29.6
2023-07-13,Chicago,23.4,16.0,0.0,0.0,16.3
2023-07-14,Chicago,31.0,19.5,6.1,0.0,25.9
2023-07-15,Chicago,28.3,20.4,5.8,0.0,16.0
2023-07-16,Chicago,27.7,18.8,0.0,0.0,26.8
2023-07-17,Chicago,23.5,18.2,0.0,0.0,19.3
2023-07-18,Chicago,22.8,16.4,0.0,0.0,16.4
2023-07-19,Chicago,25.8,15.3,0.0,0.0,14.4
2023-07-20,Chicago,30.0,19.5,0.9,0.0,27.2
2023-07-21,Chicago,23.6,18.3,0.1,0.0,21.5
2023-07-22,Chicago,28.3,16.7,0.0,0.0,12.8
2023-07-23,Chicago,26.3,18.0,0.0,0.0,15.0
2023-07-24,Chicago,27.9,18.7,0.0,0.0,17.9
2023-07-25,Chicago,30.9,18.6,0.0,0.0,16.5
2023-07-26,Chicago,32.0,22.9,21.1,0.0,29.0
2023-07-27,Chicago,28.8,21.5,0.0,0.0,14.5
2023-07-28,Chicago,32.2,22.4,23.1,0.0,29.2
2023-07-29,Chicago,23.5,20.2,0.9,0.0,23.9
2023-07-30,Chicago,23.8,17.9,0.1,0.0,22.6
2023-07-31,Chicago,25.1,16.1,0.2,0.0,16.4
2023-08-01,Chicago,27.9,17.8,0.3,0.0,13.9
2023-08-02,Chicago,28.3,18.4,0.0,0.0,15.6
2023-08-03,Chicago,28.0,17.9,0.0,0.0,13.3
2023-08-04,Chicago,25.7,20.5,0.0,0.0,23.5
2023-08-05,Chicago,22.9,19.8,23.3,0.0,23.0
2023-08-06,Chicago,21.3,18.9,5.8,0.0,31.1
2023-08-07,Chicago,23.0,18.9,0.6,0.0,23.2
2023-08-08,Chicago,28.0,16.6,0.4,0.0,13.7
2023-08-09,Chicago,27.1,17.8,0.0,0.0,14.6
2023-08-10,Chicago,27.8,17.0,2.5,0.0,15.0
2023-08-11,Chicago,27.9,19.8,8.7,0.0,28.4
2023-08-12,Chicago,26.4,20.9,7.8,0.0,19.8
2023-08-13,Chicago,24.4,17.8,1.2,0.0,20.1
2023-08-14,Chicago,23.3,17.6,23.3,0.0,33.4
2023-08-15,Chicago,21.2,17.4,4.0,0.0,31.6
2023-08-16,Chicago,26.4,14.3,0.0,0.0,23.6
2023-08-17,Chicago,26.0,17.7,10.4,0.0,30.7
2023-08-18,Chicago,22.8,13.9,0.0,0.0,20.5
2023-08-19,Chicago,26.6,15.7,0.3,0.0,24.5
2023-08-20,Chicago,27.7,20.0,0.0,0.0,17.7
2023-08-21,Chicago,23.1,19.9,0.0,0.0,23.2
2023-08-22,Chicago,28.0,19.8,0.0,0.0,18.5
2023-08-23,Chicago,36.6,24.6,0.0,0.0,27.3
2023-08-24,Chicago,37.0,25.9,21.8,0.0,31.0
2023-08-25,Chicago,24.7,21.1,0.2,0.0,21.1
2023-08-26,Chicago,22.7,18.1,0.8,0.0,35.2
2023-08-27,Chicago,20.8,16.8,0.0,0.0,23.1
2023-08-28,Chicago,23.5,16.5,0.0,0.0,14.2
2023-08-29,Chicago,28.9,16.8,0.2,0.0,29.6
2023-08-30,Chicago,18.9,15.3,0.3,0.0,30.1
2023-08-31,Chicago,21.7,14.7,0.0,0.0,14.8
2023-09-01,Chicago,26.4,14.2,0.0,0.0,17.4
2023-09-02,Chicago,31.4,17.2,0.0,0.0,24.8
2023-09-03,Chicago,34.6,19.9,0.0,0.0,26.0
2023-09-04,Chicago,33.3,21.7,0.2,0.0,19.5
2023-09-05,Chicago,32.6,24.0,0.0,0.0,28.7
2023-09-06,Chicago,29.7,20.9,8.3,0.0,31.8
2023-09-07,Chicago,20.5,18.4,0.1,0.0,22.3
2023-09-08,Chicago,18.5,16.8,13.1,0.0,24.8
2023-09-09,Chicago,20.9,15.2,0.0,0.0,17.6
2023-09-10,Chicago,23.2,13.4,0.0,0.0,15.3
2023-09-11,Chicago,19.1,16.9,48.3,0.0,21.4
2023-09-12,Chicago,18.0,14.1,0.8,0.0,24.9
2023-09-13,Chicago,18.0,12.5,4.8,0.0,20.8
2023-09-14,Chicago,19.7,11.4,0.0,0.0,13.2
2023-09-15,Chicago,23.3,12.3,0.0,0.0,14.0
2023-09-16,Chicago,19.0,14.5,1.8,0.0,13.5
2023-09-17,Chicago,17.8,14.8,50.9,0.0,27.5
2023-09-18,Chicago,17.8,11.7,0.4,0.0,13.3
2023-09-19,Chicago,19.3,13.7,8.4,0.0,25.3
2023-09-20,Chicago,25.5,15.5,0.0,0.0,20.2
2023-09-21,Chicago,22.3,17.1,0.1,0.0,17.7
2023-09-22,Chicago,23.6,17.7,1.5,0.0,18.0
2023-09-23,Chicago,22.4,16.8,0.0,0.0,25.3
2023-09-24,Chicago,21.9,13.8,0.0,0.0,23.3
2023-09-25,Chicago,21.3,16.6,3.8,0.0,19.9
2023-09-26,Chicago,21.6,16.5,23.0,0.0,25.0
2023-09-27,Chicago,19.6,17.1,3.5,0.0,24.1
2023-09-28,Chicago,19.6,16.3,0.9,0.0,19.3
2023-09-29,Chicago,21.5,14.3,0.1,0.0,18.1
2023-09-30,Chicago,25.2,14.9,0.0,0.0,15.9
2023-10-01,Chicago,24.7,15.9,0.0,0.0,13.9
2023-10-02,Chicago,26.6,16.2,0.0,0.0,14.1
2023-10-03,Chicago,27.8,15.8,0.0,0.0,19.1
2023-10-04,Chicago,27.8,20.1,0.4,0.0,34.0
2023-10-05,Chicago,21.7,16.4,11.3,0.0,27.9
2023-10-06,Chicago,15.8,7.6,0.4,0.0,36.8
2023-10-07,Chicago,13.7,7.3,0.1,0.0,26.2
2023-10-08,Chicago,12.2,6.6,0.0,0.0,17.6
2023-10-09,Chicago,12.6,6.1,0.0,0.0,24.8
2023-10-10,Chicago,15.2,5.1,0.0,0.0,20.2
2023-10-11,Chicago,17.3,4.8,12.7,0.0,16.8
2023-10-12,Chicago,15.3,12.2,9.1,0.0,27.0
2023-10-13,Chicago,14.5,12.5,16.6,0.0,27.2
2023-10-14,Chicago,12.9,11.2,18.3,0.0,41.0
2023-10-15,Chicago,13.8,8.0,1.5,0.0,30.0
2023-10-16,Chicago,12.5,7.4,1.9,0.0,28.1
2023-10-17,Chicago,15.5,3.9,0.0,0.0,15.9
2023-10-18,Chicago,18.1,7.7,1.3,0.0,30.3
2023-10-19,Chicago,15.8,11.6,6.0,0.0,22.2
2023-10-20,Chicago,14.6,8.2,3.4,0.0,26.7
2023-10-21,Chicago,17.6,5.7,3.3,0.0,28.1
2023-10-22,Chicago,11.3,5.8,0.0,0.0,29.1
2023-10-23,Chicago,16.8,6.2,0.0,0.0,26.4
2023-10-24,Chicago,24.5,13.9,0.3,0.0,28.3
2023-10-25,Chicago,18.9,15.5,9.5,0.0,26.5
2023-10-26,Chicago,19.5,17.2,11.6,0.0,28.9
2023-10-27,Chicago,21.4,8.8,4.3,0.0,26.5
2023-10-28,Chicago,9.8,4.7,1.1,0.0,24.4
2023-10-29,Chicago,10.0,4.6,11.3,0.0,29.2
2023-10-30,Chicago,5.0,-0.7,0.0,0.0,25.6
2023-10-31,Chicago,2.8,-2.2,1.8,0.91,37.2
2023-11-01,Chicago,5.3,-2.4,0.2,0.0,23.1
2023-11-02,Chicago,10.6,0.4,0.0,0.0,25.8
2023-11-03,Chicago,11.8,6.4,0.1,0.0,26.4
2023-11-04,Chicago,12.5,5.9,0.0,0.0,21.3
2023-11-05,Chicago,13.8,2.0,0.0,0.0,22.8
2023-11-06,Chicago,19.7,9.4,1.3,0.0,38.0
2023-11-07,Chicago,12.4,5.7,0.0,0.0,22.2
2023-11-08,Chicago,15.3,7.6,12.2,0.0,27.7
2023-11-09,Chicago,12.1,4.2,0.0,0.0,26.7
2023-11-10,Chicago,8.2,3.3,0.0,0.0,22.1
2023-11-11,Chicago,10.0,-0.3,0.0,0.0,14.0
2023-11-12,Chicago,11.8,4.5,0.0,0.0,24.2
2023-11-13,Chicago,14.8,4.6,0.0,0.0,22.7
2023-11-14,Chicago,13.9,0.2,0.0,0.0,20.7
2023-11-15,Chicago,15.6,5.2,0.0,0.0,19.0
2023-11-16,Chicago,16.8,5.7,0.0,0.0,31.6
2023-11-17,Chicago,15.4,2.7,0.7,0.0,29.3
2023-11-18,Chicago,9.8,-1.8,0.0,0.0,21.1
2023-11-19,Chicago,9.8,1.9,0.0,0.0,19.0
2023-11-20,Chicago,8.2,5.8,3.6,0.0,29.2
2023-11-21,Chicago,7.3,4.2,13.4,0.0,28.0
2023-11-22,Chicago,7.3,2.0,0.0,0.0,21.4
2023-11-23,Chicago,6.8,0.5,0.0,0.0,26.4
2023-11-24,Chicago,3.8,-1.0,0.0,0.0,29.3
2023-11-25,Chicago,1.9,-1.2,0.0,0.0,12.6
2023-11-26,Chicago,1.5,-1.7,3.3,2.31,30.2
2023-11-27,Chicago,-2.2,-7.9,0.0,0.0,31.7
2023-11-28,Chicago,-4.2,-10.2,0.0,0.0,25.3
2023-11-29,Chicago,5.6,-7.1,0.0,0.0,23.3
2023-11-30,Chicago,10.4,-0.7,0.2,0.0,27.9
2023-12-01,Chicago,6.6,3.9,18.1,0.0,18.9
2023-12-02,Chicago,6.1,3.8,0.6,0.0,15.0
2023-12-03,Chicago,4.6,1.8,7.6,0.0,24.5
2023-12-04,Chicago,4.8,-0.9,0.0,0.0,15.7
2023-12-05,Chicago,4.5,-0.6,3.2,1.33,21.3
2023-12-06,Chicago,3.4,-1.7,0.0,0.0,27.5
2023-12-07,Chicago,10.8,1.3,0.0,0.0,28.6
2023-12-08,Chicago,13.2,7.1,0.0,0.0,29.0
2023-12-09,Chicago,12.1,2.6,2.0,0.0,33.5
2023-12-10,Chicago,2.2,-1.2,0.0,0.0,28.7
2023-12-11,Chicago,1.6,-3.2,0.0,0.0,21.6
2023-12-12,Chicago,2.6,-3.0,0.0,0.0,23.3
2023-12-13,Chicago,3.7,-5.7,0.0,0.0,16.8
2023-12-14,Chicago,8.4,-1.9,0.0,0.0,18.2
2023-12-15,Chicago,10.3,0.3,0.0,0.0,14.9
2023-12-16,Chicago,6.1,4.1,9.1,0.0,24.8
2023-12-17,Chicago,6.7,2.4,0.0,0.0,21.4
2023-12-18,Chicago,2.2,-5.9,0.1,0.07,38.2
2023-12-19,Chicago,0.4,-7.6,0.0,0.0,22.8
2023-12-20,Chicago,5.5,-2.6,0.0,0.0,20.7
2023-12-21,Chicago,5.7,0.3,1.0,0.0,10.7
2023-12-22,Chicago,8.1,4.4,12.0,0.0,12.4
2023-12-23,Chicago,8.3,6.2,0.9,0.0,9.7
2023-12-24,Chicago,13.3,5.7,0.0,0.0,21.5
2023-12-25,Chicago,11.2,8.4,8.2,0.0,30.3
2023-12-26,Chicago,11.3,0.4,0.6,0.0,25.4
2023-12-27,Chicago,4.8,-0.2,0.0,0.0,25.5
2023-12-28,Chicago,4.7,2.7,4.1,0.0,27.8
2023-12-29,Chicago,4.9,-0.5,4.5,0.0,26.7
2023-12-30,Chicago,5.7,-3.0,0.0,0.0,19.6
2023-12-31,Chicago,0.9,-1.4,1.5,1.05,28.5
2024-01-01,Chicago,1.4,-2.6,0.4,0.28,30.4
2024-01-02,Chicago,2.5,-4.6,0.0,0.0,27.1
2024-01-03,Chicago,2.1,-1.5,0.0,0.0,17.2
2024-01-04,Chicago,1.0,-4.6,0.0,0.0,19.8
2024-01-05,Chicago,2.1,-5.4,0.0,0.0,17.5
2024-01-06,Chicago,0.7,-0.9,5.2,3.57,16.4
2024-01-07,Chicago,1.5,-2.8,1.2,0.84,21.3
2024-01-08,Chicago,3.0,-2.9,0.2,0.07,26.2
2024-01-09,Chicago,2.4,0.8,27.9,10.5,33.4
2024-01-10,Chicago,0.8,-1.7,1.2,0.77,33.6
2024-01-11,Chicago,1.0,-3.7,0.9,0.63,25.8
2024-01-12,Chicago,3.1,-1.2,22.8,8.96,45.1
2024-01-13,Chicago,0.7,-15.6,2.3,1.61,36.9
2024-01-14,Chicago,-16.2,-23.2,0.5,0.35,39.1
2024-01-15,Chicago,-17.4,-24.9,0.0,0.0,25.3
2024-01-16,Chicago,-16.7,-21.9,0.0,0.14,35.3
2024-01-17,Chicago,-7.6,-17.3,0.1,0.07,30.2
2024-01-18,Chicago,-4.1,-9.3,0.9,0.63,23.4
2024-01-19,Chicago,-10.2,-13.8,3.6,2.52,30.5
2024-01-20,Chicago,-6.8,-15.0,0.0,0.0,25.5
2024-01-21,Chicago,-5.1,-18.1,0.0,0.0,25.1
2024-01-22,Chicago,0.5,-7.6,1.6,0.21,25.4
2024-01-23,Chicago,2.0,-1.1,9.1,0.0,14.7
2024-01-24,Chicago,2.6,-0.6,5.5,0.0,15.0
2024-01-25,Chicago,4.2,1.0,7.5,0.0,21.7
2024-01-26,Chicago,4.0,1.7,9.5,0.0,21.9
2024-01-27,Chicago,3.2,0.1,2.3,0.0,23.8
2024-01-28,Chicago,3.0,0.1,2.9,0.0,33.3
2024-01-29,Chicago,6.3,-3.0,0.0,0.0,23.0
2024-01-30,Chicago,4.7,0.1,3.2,0.7,21.8
2024-01-31,Chicago,7.2,-2.4,0.0,0.0,21.9
2024-02-01,Chicago,10.6,0.8,0.0,0.0,22.0
2024-02-02,Chicago,3.2,0.1,0.0,0.0,22.2
2024-02-03,Chicago,3.3,-2.5,0.0,0.0,17.5
2024-02-04,Chicago,3.0,-1.6,0.0,0.0,21.3
2024-02-05,Chicago,3.1,-1.1,0.0,0.0,23.4
2024-02-06,Chicago,7.0,-2.6,0.0,0.0,13.1
2024-02-07,Chicago,7.8,-2.2,0.0,0.0,20.1
2024-02-08,Chicago,14.3,3.9,0.0,0.0,33.6
2024-02-09,Chicago,12.9,3.3,0.0,0.0,33.6
2024-02-10,Chicago,5.4,-2.3,0.0,0.0,19.5
2024-02-11,Chicago,3.6,-3.3,0.0,0.0,13.4
2024-02-12,Chicago,6.1,-5.7,0.0,0.0,12.0
2024-02-13,Chicago,4.3,-2.4,0.0,0.0,17.9
2024-02-14,Chicago,5.9,-4.4,0.0,0.0,21.6
2024-02-15,Chicago,5.8,-1.5,6.5,1.61,32.9
2024-02-16,Chicago,-0.9,-3.0,0.8,0.56,21.4
2024-02-17,Chicago,-1.9,-10.5,0.0,0.0,35.7
2024-02-18,Chicago,6.6,-5.0,0.0,0.0,34.9
2024-02-19,Chicago,8.1,-6.9,0.0,0.0,15.5
2024-02-20,Chicago,12.5,-3.5,0.0,0.0,23.9
2024-02-21,Chicago,15.3,3.2,0.1,0.0,26.8
2024-02-22,Chicago,8.6,4.1,0.2,0.0,15.7
2024-02-23,Chicago,8.1,-1.8,2.8,1.89,38.8
2024-02-24,Chicago,-1.0,-4.7,0.3,0.21,38.0
2024-02-25,Chicago,14.0,-1.7,0.0,0.0,26.2
2024-02-26,Chicago,18.7,2.3,0.0,0.0,27.1
2024-02-27,Chicago,21.8,10.4,5.6,0.0,28.1
2024-02-28,Chicago,11.5,-5.3,0.3,0.07,37.4
2024-02-29,Chicago,5.8,-6.8,0.0,0.0,25.9
2024-03-01,Chicago,5.9,-1.6,0.0,0.0,24.6
2024-03-02,Chicago,13.1,-1.4,0.0,0.0,21.4
2024-03-03,Chicago,19.0,4.9,0.0,0.0,36.4
2024-03-04,Chicago,22.5,10.5,0.3,0.0,32.3
2024-03-05,Chicago,10.1,3.3,14.3,0.0,34.7
2024-03-06,Chicago,6.0,3.3,0.0,0.0,26.7
2024-03-07,Chicago,6.9,1.5,0.0,0.0,23.0
2024-03-08,Chicago,6.9,4.1,23.7,0.0,30.6
2024-03-09,Chicago,7.2,0.6,0.1,0.0,26.4
2024-03-10,Chicago,6.6,-2.2,0.0,0.0,25.5
2024-03-11,Chicago,16.5,-1.2,0.0,0.0,33.8
2024-03-12,Chicago,19.0,7.4,0.0,0.0,30.0
2024-03-13,Chicago,12.7,6.4,2.9,0.0,20.1
2024-03-14,Chicago,18.5,4.4,24.4,0.0,36.4
2024-03-15,Chicago,5.5,2.4,0.0,0.0,28.8
2024-03-16,Chicago,14.3,2.8,0.0,0.0,41.8
2024-03-17,Chicago,4.9,-1.0,0.1,0.07,28.9
2024-03-18,Chicago,2.9,-4.2,0.0,0.0,20.7
2024-03-19,Chicago,12.7,-2.3,0.0,0.0,37.2
2024-03-20,Chicago,4.2,-2.4,0.0,0.0,26.3
2024-03-21,Chicago,2.7,-4.2,0.0,0.0,20.3
2024-03-22,Chicago,3.3,-0.1,13.1,9.1,28.0
2024-03-23,Chicago,1.4,-1.2,0.4,0.28,24.8
2024-03-24,Chicago,6.5,-1.1,0.0,0.0,31.4
2024-03-25,Chicago,15.3,5.0,12.1,0.0,33.8
2024-03-26,Chicago,12.9,1.0,7.1,0.0,45.1
2024-03-27,Chicago,6.5,-1.7,0.0,0.0,29.5
2024-03-28,Chicago,10.6,-2.8,0.0,0.0,27.3
2024-03-29,Chicago,6.7,-0.4,5.2,0.0,21.3
2024-03-30,Chicago,16.2,3.3,6.2,0.0,25.8
2024-03-31,Chicago,6.0,2.4,8.7,0.0,23.8
2024-04-01,Chicago,7.9,4.4,17.4,0.0,26.2
2024-04-02,Chicago,15.7,2.6,5.5,0.0,43.8
2024-04-03,Chicago,2.8,1.6,10.1,3.22,33.1
2024-04-04,Chicago,4.7,1.3,2.7,0.7,35.8
2024-04-05,Chicago,6.8,1.4,0.0,0.0,31.1
2024-04-06,Chicago,7.1,0.6,0.0,0.0,18.7
2024-04-07,Chicago,11.6,3.1,11.4,0.0,29.8
2024-04-08,Chicago,21.5,7.4,0.0,0.0,27.3
2024-04-09,Chicago,16.7,8.4,0.0,0.0,22.2
2024-04-10,Chicago,15.3,4.0,0.0,0.0,15.4
2024-04-11,Chicago,10.7,7.7,8.7,0.0,20.2
2024-04-12,Chicago,15.8,7.7,4.9,0.0,38.0
2024-04-13,Chicago,19.3,4.6,0.0,0.0,30.6
2024-04-14,Chicago,23.7,12.3,0.0,0.0,30.9
2024-04-15,Chicago,18.3,6.9,0.0,0.0,22.0
2024-04-16,Chicago,20.6,8.4,19.6,0.0,33.8
2024-04-17,Chicago,18.9,12.1,1.4,0.0,40.0
2024-04-18,Chicago,11.9,7.1,6.7,0.0,17.8
2024-04-19,Chicago,13.0,4.6,0.0,0.0,32.4
2024-04-20,Chicago,7.1,1.2,0.0,0.0,22.9
2024-04-21,Chicago,13.0,-0.3,0.0,0.0,19.9
2024-04-22,Chicago,17.3,3.1,0.0,0.0,29.3
2024-04-23,Chicago,16.9,8.3,1.5,0.0,32.4
2024-04-24,Chicago,5.4,1.6,0.0,0.0,32.7
2024-04-25,Chicago,10.1,0.8,0.0,0.0,18.4
2024-04-26,Chicago,14.9,5.2,2.3,0.0,31.3
2024-04-27,Chicago,25.6,15.3,1.5,0.0,41.6
2024-04-28,Chicago,24.9,16.6,6.5,0.0,37.6
2024-04-29,Chicago,21.6,13.5,9.5,0.0,31.6
2024-04-30,Chicago,21.2,8.0,0.0,0.0,18.8
2024-05-01,Chicago,22.5,13.1,1.0,0.0,28.0
2024-05-02,Chicago,25.2,10.2,2.0,0.0,29.6
2024-05-03,Chicago,17.5,8.8,2.8,0.0,20.7
2024-05-04,Chicago,21.4,7.9,0.8,0.0,18.8
2024-05-05,Chicago,14.9,8.3,0.0,0.0,21.9
2024-05-06,Chicago,16.9,7.9,0.0,0.0,23.5
2024-05-07,Chicago,22.0,12.9,19.1,0.0,27.8
2024-05-08,Chicago,22.8,11.4,0.0,0.0,21.7
2024-05-09,Chicago,13.9,8.7,7.4,0.0,27.4
2024-05-10,Chicago,18.8,7.8,0.1,0.0,20.2
2024-05-11,Chicago,17.4,10.0,2.1,0.0,28.0
2024-05-12,Chicago,25.5,8.2,0.6,0.0,25.4
2024-05-13,Chicago,25.0,15.2,14.6,0.0,26.5
2024-05-14,Chicago,16.6,9.6,10.1,0.0,30.1
2024-05-15,Chicago,14.0,10.0,0.0,0.0,24.6
2024-05-16,Chicago,23.0,9.4,1.5,0.0,24.8
2024-05-17,Chicago,22.0,11.8,0.0,0.0,17.3
2024-05-18,Chicago,27.1,12.4,0.6,0.0,18.2
2024-05-19,Chicago,20.0,13.7,0.0,0.0,21.7
2024-05-20,Chicago,28.5,13.4,1.3,0.0,32.8
2024-05-21,Chicago,31.3,13.7,0.3,0.0,40.6
2024-05-22,Chicago,24.2,16.3,0.0,0.0,40.0
2024-05-23,Chicago,25.1,13.0,0.0,0.0,18.2
2024-05-24,Chicago,24.5,16.4,2.2,0.0,30.3
2024-05-25,Chicago,19.7,14.6,0.0,0.0,18.9
2024-05-26,Chicago,20.7,14.2,18.6,0.0,24.1
2024-05-27,Chicago,22.1,13.5,0.3,0.0,29.6
2024-05-28,Chicago,19.7,12.2,7.7,0.0,23.5
2024-05-29,Chicago,16.0,10.6,5.1,0.0,28.9
2024-05-30,Chicago,16.7,9.8,0.0,0.0,19.3
2024-05-31,Chicago,23.3,10.7,0.0,0.0,16.0
2024-06-01,Chicago,20.3,15.3,15.4,0.0,21.7
2024-06-02,Chicago,20.0,14.1,0.0,0.0,15.3
2024-06-03,Chicago,28.3,13.6,0.0,0.0,23.6
2024-06-04,Chicago,27.3,19.5,4.4,0.0,22.7
2024-06-05,Chicago,26.2,19.5,11.3,0.0,27.2
2024-06-06,Chicago,24.3,17.4,0.1,0.0,38.3
2024-06-07,Chicago,24.9,14.5,0.0,0.0,32.8
2024-06-08,Chicago,26.7,12.5,2.0,0.0,29.8
2024-06-09,Chicago,25.8,13.1,0.0,0.0,30.5
2024-06-10,Chicago,15.9,12.4,0.0,0.0,30.5
2024-06-11,Chicago,24.2,9.2,0.0,0.0,14.8
2024-06-12,Chicago,32.5,17.1,0.0,0.0,23.8
2024-06-13,Chicago,31.5,21.3,4.6,0.0,30.0
2024-06-14,Chicago,24.5,16.2,0.0,0.0,24.4
2024-06-15,Chicago,29.6,15.2,0.0,0.0,24.0
2024-06-16,Chicago,33.5,20.3,0.4,0.0,31.9
2024-06-17,Chicago,34.3,24.5,0.1,0.0,28.8
2024-06-18,Chicago,33.0,24.3,2.8,0.0,37.0
2024-06-19,Chicago,33.6,24.8,0.0,0.0,27.4
2024-06-20,Chicago,25.9,18.2,1.6,0.0,21.5
2024-06-21,Chicago,33.7,18.0,0.0,0.0,25.0
2024-06-22,Chicago,34.9,25.2,0.1,0.0,37.1
2024-06-23,Chicago,26.7,21.1,3.4,0.0,36.2
2024-06-24,Chicago,27.6,18.4,0.0,0.0,25.3
2024-06-25,Chicago,33.3,22.7,7.2,0.0,33.7
2024-06-26,Chicago,29.8,19.0,0.8,0.0,22.6
2024-06-27,Chicago,19.2,16.7,0.0,0.0,27.1
2024-06-28,Chicago,23.0,17.7,14.3,0.0,22.2
2024-06-29,Chicago,31.2,21.7,4.2,0.0,25.0
2024-06-30,Chicago,21.8,14.7,0.0,0.0,30.9
2024-07-01,Chicago,21.0,13.7,0.0,0.0,17.6
2024-07-02,Chicago,28.9,16.8,0.2,0.0,29.9
2024-07-03,Chicago,31.1,21.3,13.3,0.0,26.4
2024-07-04,Chicago,25.8,20.6,0.9,0.0,14.3
2024-07-05,Chicago,27.3,19.6,1.2,0.0,28.2
2024-07-06,Chicago,24.8,16.6,0.2,0.0,14.0
2024-07-07,Chicago,30.3,18.0,10.5,0.0,26.1
2024-07-08,Chicago,30.8,21.0,0.7,0.0,20.5
2024-07-09,Chicago,24.6,20.4,15.6,0.0,18.4
2024-07-10,Chicago,23.9,19.2,16.0,0.0,27.5
2024-07-11,Chicago,22.7,18.6,0.0,0.0,16.4
2024-07-12,Chicago,25.7,18.2,0.0,0.0,14.3
2024-07-13,Chicago,31.0,19.0,2.6,0.0,19.2
2024-07-14,Chicago,31.9,22.4,44.2,0.0,24.6
2024-07-15,Chicago,32.8,22.0,29.8,0.0,32.7
2024-07-16,Chicago,30.4,22.4,7.2,0.0,39.0
2024-07-17,Chicago,26.3,19.2,0.5,0.0,20.5
2024-07-18,Chicago,20.7,17.0,0.1,0.0,27.1
2024-07-19,Chicago,23.9,13.8,0.0,0.0,21.6
2024-07-20,Chicago,24.6,15.9,0.0,0.0,15.5
2024-07-21,Chicago,26.2,17.0,0.0,0.0,17.3
2024-07-22,Chicago,24.1,18.9,0.5,0.0,17.1
2024-07-23,Chicago,29.6,18.1,2.3,0.0,23.9
2024-07-24,Chicago,22.2,19.3,0.7,0.0,18.6
2024-07-25,Chicago,22.3,18.2,0.0,0.0,17.4
2024-07-26,Chicago,25.2,16.3,0.0,0.0,14.5
2024-07-27,Chicago,28.0,17.1,0.0,0.0,19.5
2024-07-28,Chicago,28.4,20.2,10.4,0.0,20.3
2024-07-29,Chicago,27.3,20.9,11.7,0.0,32.9
2024-07-30,Chicago,29.4,20.2,0.0,0.0,13.4
2024-07-31,Chicago,31.8,21.9,2.9,0.0,22.4
2024-08-01,Chicago,29.8,22.6,10.5,0.0,14.8
2024-08-02,Chicago,25.5,21.8,0.6,0.0,26.3
2024-08-03,Chicago,28.2,20.7,0.0,0.0,16.4
2024-08-04,Chicago,30.9,19.8,0.1,0.0,13.5
2024-08-05,Chicago,29.6,21.4,4.5,0.0,27.3
2024-08-06,Chicago,25.3,19.6,0.8,0.0,41.2
2024-08-07,Chicago,23.9,17.8,0.0,0.0,25.0
2024-08-08,Chicago,28.1,17.0,0.0,0.0,14.4
2024-08-09,Chicago,24.8,16.8,0.0,0.0,26.1
2024-08-10,Chicago,25.8,14.3,0.0,0.0,25.8
2024-08-11,Chicago,27.4,16.2,0.0,0.0,21.4
2024-08-12,Chicago,27.0,15.0,0.0,0.0,18.6
2024-08-13,Chicago,27.4,16.8,0.0,0.0,11.3
2024-08-14,Chicago,27.5,18.7,0.0,0.0,18.2
2024-08-15,Chicago,23.2,20.0,13.9,0.0,26.6
2024-08-16,Chicago,29.8,19.5,13.3,0.0,23.4
2024-08-17,Chicago,26.1,20.1,20.3,0.0,17.7
2024-08-18,Chicago,22.6,18.8,0.7,0.0,31.4
2024-08-19,Chicago,21.3,17.0,0.0,0.0,28.2
2024-08-20,Chicago,20.1,15.8,0.0,0.0,25.2
2024-08-21,Chicago,21.6,13.5,0.0,0.0,14.3
2024-08-22,Chicago,24.7,11.1,0.0,0.0,12.3
2024-08-23,Chicago,27.2,13.9,0.0,0.0,15.3
2024-08-24,Chicago,29.0,16.1,0.1,0.0,17.3
2024-08-25,Chicago,33.4,22.2,0.0,0.0,24.1
2024-08-26,Chicago,35.7,25.1,0.2,0.0,22.9
2024-08-27,Chicago,36.2,24.9,0.3,0.0,25.1
2024-08-28,Chicago,30.0,22.4,0.5,0.0,18.6
2024-08-29,Chicago,26.6,20.7,0.0,0.0,16.9
2024-08-30,Chicago,31.6,22.7,4.3,0.0,21.0
2024-08-31,Chicago,28.1,18.3,0.0,0.0,15.3
2024-09-01,Chicago,22.5,17.1,0.0,0.0,34.7
2024-09-02,Chicago,21.7,15.3,0.0,0.0,14.4
2024-09-03,Chicago,22.9,13.6,0.0,0.0,14.0
2024-09-04,Chicago,26.4,14.4,0.0,0.0,15.5
2024-09-05,Chicago,31.5,18.8,10.0,0.0,22.4
2024-09-06,Chicago,20.6,14.7,0.8,0.0,33.1
2024-09-07,Chicago,16.3,10.7,0.7,0.0,28.8
2024-09-08,Chicago,23.2,9.4,0.0,0.0,18.2
2024-09-09,Chicago,27.5,14.2,0.0,0.0,24.1
2024-09-10,Chicago,28.3,13.3,0.0,0.0,17.0
2024-09-11,Chicago,29.5,15.2,0.0,0.0,14.3
2024-09-12,Chicago,27.7,16.8,0.0,0.0,20.6
2024-09-13,Chicago,26.7,19.0,0.0,0.0,22.3
2024-09-14,Chicago,28.3,19.6,0.0,0.0,19.5
2024-09-15,Chicago,29.2,19.6,0.0,0.0,18.5
2024-09-16,Chicago,29.0,18.4,0.0,0.0,15.1
2024-09-17,Chicago,25.7,16.8,0.0,0.0,15.2
2024-09-18,Chicago,27.0,15.9,0.0,0.0,22.0
2024-09-19,Chicago,30.3,16.2,0.0,0.0,18.3
2024-09-20,Chicago,31.5,20.8,5.1,0.0,21.3
2024-09-21,Chicago,30.6,18.2,0.0,0.0,16.1
2024-09-22,Chicago,23.8,19.0,23.6,0.0,28.4
2024-09-23,Chicago,18.5,16.2,1.1,0.0,29.1
2024-09-24,Chicago,19.6,16.8,22.3,0.0,21.4
2024-09-25,Chicago,22.1,14.2,0.0,0.0,17.1
2024-09-26,Chicago,21.7,13.3,0.0,0.0,18.5
2024-09-27,Chicago,19.6,17.9,0.0,0.0,39.7
2024-09-28,Chicago,19.0,17.0,3.3,0.0,33.8
2024-09-29,Chicago,20.5,17.7,0.1,0.0,28.1
2024-09-30,Chicago,22.6,17.0,0.0,0.0,16.5
2024-10-01,Chicago,19.2,13.6,0.1,0.0,31.4
2024-10-02,Chicago,20.2,9.3,0.0,0.0,18.5
2024-10-03,Chicago,23.2,11.1,0.0,0.0,18.7
2024-10-04,Chicago,19.9,15.0,1.2,0.0,26.2
2024-10-05,Chicago,26.3,14.7,0.0,0.0,34.5
2024-10-06,Chicago,23.0,14.1,0.0,0.0,33.7
2024-10-07,Chicago,18.9,10.2,0.0,0.0,17.8
2024-10-08,Chicago,22.4,9.4,0.0,0.0,19.1
2024-10-09,Chicago,18.6,9.3,0.0,0.0,18.2
2024-10-10,Chicago,19.5,11.9,0.0,0.0,15.7
2024-10-11,Chicago,28.2,11.6,0.0,0.0,26.5
2024-10-12,Chicago,19.8,14.2,18.0,0.0,28.6
2024-10-13,Chicago,18.5,10.5,0.8,0.0,37.4
2024-10-14,Chicago,12.0,7.1,2.7,0.0,37.4
2024-10-15,Chicago,9.3,5.6,5.3,0.21,39.2
2024-10-16,Chicago,12.1,3.6,0.0,0.0,23.8
2024-10-17,Chicago,16.4,2.9,0.0,0.0,17.6
2024-10-18,Chicago,18.4,5.9,0.0,0.0,20.6
2024-10-19,Chicago,20.3,5.9,0.0,0.0,16.6
2024-10-20,Chicago,24.1,10.1,0.0,0.0,21.2
2024-10-21,Chicago,25.5,11.6,0.0,0.0,20.2
2024-10-22,Chicago,22.7,11.7,0.2,0.0,28.4
2024-10-23,Chicago,17.9,8.2,0.0,0.0,23.3
2024-10-24,Chicago,17.0,4.3,0.0,0.0,20.6
2024-10-25,Chicago,18.4,9.6,21.3,0.0,20.5
2024-10-26,Chicago,12.2,7.0,0.0,0.0,19.8
2024-10-27,Chicago,13.6,2.8,0.0,0.0,12.4
2024-10-28,Chicago,17.8,6.0,0.0,0.0,26.8
2024-10-29,Chicago,25.5,17.6,0.0,0.0,34.6
2024-10-30,Chicago,24.8,19.0,0.0,0.0,35.3
2024-10-31,Chicago,20.7,6.6,4.2,0.0,39.4
2024-11-01,Chicago,10.4,4.1,0.0,0.0,26.3
2024-11-02,Chicago,12.5,3.9,0.0,0.0,18.3
2024-11-03,Chicago,17.1,8.5,1.1,0.0,31.2
2024-11-04,Chicago,20.6,16.3,9.1,0.0,35.1
2024-11-05,Chicago,20.1,15.1,32.3,0.0,38.2
2024-11-06,Chicago,14.8,10.5,0.0,0.0,16.1
2024-11-07,Chicago,13.4,6.0,0.0,0.0,15.8
2024-11-08,Chicago,14.9,6.0,0.0,0.0,20.8
2024-11-09,Chicago,12.4,8.0,0.6,0.0,22.2
2024-11-10,Chicago,16.4,10.0,3.8,0.0,38.9
2024-11-11,Chicago,13.4,6.8,0.0,0.0,30.8
2024-11-12,Chicago,8.4,6.7,0.0,0.0,28.3
2024-11-13,Chicago,10.2,5.0,7.0,0.0,19.4
2024-11-14,Chicago,13.2,9.4,13.0,0.0,15.5
2024-11-15,Chicago,11.4,7.0,0.2,0.0,10.3
2024-11-16,Chicago,11.2,6.3,0.0,0.0,16.5
2024-11-17,Chicago,14.8,7.8,2.7,0.0,15.9
2024-11-18,Chicago,14.3,9.6,10.9,0.0,25.8
2024-11-19,Chicago,16.9,9.4,2.2,0.0,27.5
2024-11-20,Chicago,8.6,1.3,2.1,0.21,24.8
2024-11-21,Chicago,4.9,-0.5,9.4,5.46,33.4
2024-11-22,Chicago,8.4,2.8,0.0,0.0,20.6
2024-11-23,Chicago,6.5,2.9,0.0,0.0,14.4
2024-11-24,Chicago,9.2,2.2,0.0,0.0,14.3
2024-11-25,Chicago,11.1,3.7,0.5,0.0,19.9
2024-11-26,Chicago,3.0,-3.0,0.0,0.0,19.9
2024-11-27,Chicago,5.3,1.3,0.0,0.0,10.5
2024-11-28,Chicago,4.3,-2.1,0.1,0.0,19.8
2024-11-29,Chicago,-2.3,-6.1,0.0,0.0,22.3
2024-11-30,Chicago,-3.1,-9.6,0.0,0.0,16.4
2024-12-01,Chicago,-3.3,-10.1,0.0,0.0,15.8
2024-12-02,Chicago,-2.8,-9.0,0.0,0.0,11.9
2024-12-03,Chicago,-1.3,-7.6,0.0,0.0,21.1
2024-12-04,Chicago,3.4,-5.2,0.5,0.14,33.5
2024-12-05,Chicago,-1.6,-11.1,0.0,0.0,28.8
2024-12-06,Chicago,-0.8,-10.0,0.0,0.0,17.6
2024-12-07,Chicago,6.9,-4.7,0.0,0.0,24.5
2024-12-08,Chicago,9.9,3.7,0.0,0.0,21.8
2024-12-09,Chicago,8.8,5.8,0.1,0.0,18.7
2024-12-10,Chicago,5.5,-1.3,0.0,0.0,13.6
2024-12-11,Chicago,0.5,-8.5,0.7,0.49,27.0
2024-12-12,Chicago,-9.0,-15.1,0.0,0.0,25.9
2024-12-13,Chicago,-3.5,-12.3,0.0,0.0,16.1
2024-12-14,Chicago,2.7,-4.1,7.1,0.0,23.0
2024-12-15,Chicago,7.7,3.0,3.4,0.0,24.1
2024-12-16,Chicago,11.2,3.3,1.4,0.0,21.6
2024-12-17,Chicago,4.3,0.1,0.0,0.0,19.4
2024-12-18,Chicago,1.2,-3.1,0.6,0.42,14.6
2024-12-19,Chicago,0.2,-3.2,2.0,1.4,16.0
2024-12-20,Chicago,1.1,-4.6,2.4,1.54,27.8
2024-12-21,Chicago,-5.1,-9.1,0.0,0.0,15.7
2024-12-22,Chicago,-0.2,-9.7,0.0,0.0,20.2
2024-12-23,Chicago,4.2,-1.0,0.7,0.35,20.5
2024-12-24,Chicago,2.7,0.3,0.0,0.0,13.1
2024-12-25,Chicago,2.8,-0.8,0.0,0.0,10.8
2024-12-26,Chicago,8.2,2.5,1.0,0.0,14.6
2024-12-27,Chicago,9.7,5.3,5.8,0.0,18.8
2024-12-28,Chicago,9.9,6.2,1.1,0.0,24.2
2024-12-29,Chicago,6.4,2.4,14.5,0.0,20.9
2024-12-30,Chicago,5.7,0.3,0.0,0.0,13.8
2024-12-31,Chicago,4.6,0.7,7.5,0.0,27.4
2023-01-01,Denver,0.3,-8.8,0.2,0.14,14.6
2023-01-02,Denver,-2.2,-4.2,4.3,3.01,12.8
2023-01-03,Denver,-4.3,-12.5,0.1,0.07,11.8
2023-01-04,Denver,-0.4,-13.3,0.0,0.0,15.5
2023-01-05,Denver,0.7,-18.4,0.0,0.0,13.3
2023-01-06,Denver,2.1,-13.7,1.8,1.26,12.5
2023-01-07,Denver,5.1,-11.4,0.0,0.0,13.1
2023-01-08,Denver,6.3,-13.4,0.0,0.0,14.7
2023-01-09,Denver,6.9,-13.3,0.0,0.0,20.1
2023-01-10,Denver,9.5,-7.4,0.0,0.0,14.9
2023-01-11,Denver,1.7,-4.2,1.4,0.98,15.5
2023-01-12,Denver,3.8,-10.3,0.0,0.0,13.9
2023-01-13,Denver,10.2,-8.4,0.0,0.0,14.0
2023-01-14,Denver,12.6,-5.3,0.0,0.0,15.2
2023-01-15,Denver,5.7,-5.8,0.4,0.14,15.5
2023-01-16,Denver,7.8,-9.9,0.0,0.0,13.5
2023-01-17,Denver,1.8,-7.9,4.0,2.8,13.4
2023-01-18,Denver,-2.3,-10.3,12.7,8.89,21.3
2023-01-19,Denver,-1.5,-13.9,0.0,0.0,13.5
2023-01-20,Denver,-4.0,-14.7,0.4,0.28,7.3
2023-01-21,Denver,-3.2,-13.9,0.4,0.28,11.3
2023-01-22,Denver,-0.4,-13.0,0.0,0.0,13.0
2023-01-23,Denver,-2.5,-8.9,0.3,0.21,20.4
2023-01-24,Denver,-1.9,-15.4,0.0,0.0,12.0
2023-01-25,Denver,-2.8,-15.5,0.6,0.42,13.6
2023-01-26,Denver,0.1,-16.2,0.0,0.0,30.2
2023-01-27,Denver,5.6,-9.1,0.0,0.0,25.0
2023-01-28,Denver,-3.5,-12.5,0.6,0.42,17.4
2023-01-29,Denver,-11.9,-23.3,1.0,0.7,13.3
2023-01-30,Denver,-16.9,-25.9,1.1,0.77,13.4
2023-01-31,Denver,-5.6,-21.2,0.8,0.56,13.3
2023-02-01,Denver,1.4,-18.1,0.0,0.0,15.3
2023-02-02,Denver,4.2,-10.7,0.0,0.0,12.0
2023-02-03,Denver,7.0,-10.2,0.0,0.0,18.7
2023-02-04,Denver,4.8,-8.2,0.0,0.0,14.1
2023-02-05,Denver,3.7,-10.3,0.0,0.0,14.8
2023-02-06,Denver,2.5,-9.4,0.7,0.49,15.6
2023-02-07,Denver,4.1,-12.6,0.0,0.0,16.4
2023-02-08,Denver,5.8,-11.3,0.4,0.28,15.4
2023-02-09,Denver,-1.0,-8.8,0.7,0.42,28.1
2023-02-10,Denver,5.5,-16.8,0.0,0.0,14.6
2023-02-11,Denver,11.8,-8.6,0.0,0.0,14.8
2023-02-12,Denver,10.5,-4.2,0.0,0.0,18.8
2023-02-13,Denver,14.7,-5.2,0.1,0.0,28.7
2023-02-14,Denver,8.6,-3.7,0.7,0.49,26.9
2023-02-15,Denver,-4.4,-11.1,7.1,4.97,24.5
2023-02-16,Denver,-1.2,-19.1,0.4,0.28,13.9
2023-02-17,Denver,10.4,-16.6,0.0,0.0,13.4
2023-02-18,Denver,9.3,-6.6,0.0,0.0,11.2
2023-02-19,Denver,9.6,-7.2,0.0,0.0,24.0
2023-02-20,Denver,11.7,-5.3,0.0,0.0,19.8
2023-02-21,Denver,15.4,-4.3,0.1,0.0,13.9
2023-02-22,Denver,3.0,-18.5,5.1,3.5,26.7
2023-02-23,Denver,-9.2,-25.0,0.3,0.21,20.3
2023-02-24,Denver,4.0,-19.0,0.0,0.0,14.1
2023-02-25,Denver,15.2,-8.0,0.0,0.0,6.6
2023-02-26,Denver,14.6,-4.5,0.0,0.0,29.4
2023-02-27,Denver,11.3,-4.6,0.0,0.0,16.1
2023-02-28,Denver,9.6,-4.2,0.0,0.0,26.3
2023-03-01,Denver,2.4,-6.9,1.1,0.77,24.8
2023-03-02,Denver,7.5,-7.6,0.1,0.07,17.3
2023-03-03,Denver,8.3,-3.2,0.6,0.28,14.0
2023-03-04,Denver,8.2,-5.9,0.0,0.0,14.4
2023-03-05,Denver,12.9,-6.4,0.0,0.0,20.9
2023-03-06,Denver,8.8,-5.9,0.0,0.0,28.1
2023-03-07,Denver,2.8,-3.7,0.0,0.0,15.5
2023-03-08,Denver,7.4,-5.2,0.0,0.0,14.8
2023-03-09,Denver,10.2,-5.5,1.1,0.77,19.1
2023-03-10,Denver,16.8,-6.0,0.0,0.0,15.8
2023-03-11,Denver,11.7,1.6,0.1,0.0,17.7
2023-03-12,Denver,7.6,-3.8,0.0,0.0,14.3
2023-03-13,Denver,12.0,-5.7,0.0,0.0,10.7
2023-03-14,Denver,16.6,-3.8,0.0,0.0,13.8
2023-03-15,Denver,19.3,2.2,1.2,0.0,20.2
2023-03-16,Denver,6.3,-3.8,3.0,0.98,23.5
2023-03-17,Denver,4.5,-8.0,0.0,0.0,11.4
2023-03-18,Denver,5.7,-8.9,0.0,0.0,12.7
2023-03-19,Denver,12.0,-8.5,0.0,0.0,16.9
2023-03-20,Denver,12.2,-2.6,0.4,0.07,11.2
2023-03-21,Denver,14.1,-3.3,0.0,0.0,26.0
2023-03-22,Denver,8.3,-1.9,2.2,1.26,16.9
2023-03-23,Denver,10.2,-4.8,1.7,0.7,16.5
2023-03-24,Denver,9.8,-5.1,0.4,0.28,13.6
2023-03-25,Denver,4.2,-6.1,1.4,0.98,28.2
2023-03-26,Denver,4.6,-8.1,0.5,0.35,16.7
2023-03-27,Denver,0.9,-7.3,3.3,2.31,24.1
2023-03-28,Denver,9.3,-10.1,0.0,0.0,20.1
2023-03-29,Denver,8.6,-4.9,0.0,0.0,15.7
2023-03-30,Denver,17.3,-5.8,0.0,0.0,33.8
2023-03-31,Denver,10.2,-2.1,0.0,0.0,55.8
2023-04-01,Denver,17.2,-3.8,0.0,0.0,14.1
2023-04-02,Denver,20.3,-1.6,0.0,0.0,20.9
2023-04-03,Denver,16.7,-0.4,0.0,0.0,20.7
2023-04-04,Denver,4.0,-5.6,1.4,0.98,29.2
2023-04-05,Denver,5.4,-7.6,0.4,0.35,12.5
2023-04-06,Denver,10.8,-8.1,0.0,0.0,14.8
2023-04-07,Denver,18.8,-5.9,0.0,0.0,11.2
2023-04-08,Denver,19.9,-0.5,0.3,0.0,16.3
2023-04-09,Denver,19.5,0.6,0.0,0.0,14.3
2023-04-10,Denver,23.5,0.8,0.0,0.0,11.9
2023-04-11,Denver,28.7,4.4,0.0,0.0,15.6
2023-04-12,Denver,28.1,5.4,0.0,0.0,24.5
2023-04-13,Denver,25.9,11.0,0.0,0.0,29.3
2023-04-14,Denver,12.6,2.3,4.5,0.35,18.3
2023-04-15,Denver,11.2,-0.2,0.4,0.14,23.1
2023-04-16,Denver,17.4,-4.8,0.0,0.0,11.2
2023-04-17,Denver,21.4,0.2,0.0,0.0,9.7
2023-04-18,Denver,24.5,3.0,0.0,0.0,28.2
2023-04-19,Denver,19.4,2.0,3.2,0.21,31.0
2023-04-20,Denver,9.3,-2.4,0.2,0.14,30.8
2023-04-21,Denver,11.4,-4.9,0.4,0.21,21.9
2023-04-22,Denver,5.7,-2.7,4.9,3.43,14.9
2023-04-23,Denver,13.8,-6.5,0.0,0.0,11.3
2023-04-24,Denver,17.6,-1.3,0.5,0.0,18.3
2023-04-25,Denver,15.7,2.4,14.5,0.7,28.8
2023-04-26,Denver,13.3,3.2,4.0,0.0,17.9
2023-04-27,Denver,19.8,1.9,3.1,0.0,35.8
2023-04-28,Denver,14.8,1.3,0.6,0.0,24.5
2023-04-29,Denver,21.5,2.7,0.0,0.0,15.8
2023-04-30,Denver,19.3,3.8,0.0,0.0,10.8
2023-05-01,Denver,22.2,3.8,0.0,0.0,12.8
2023-05-02,Denver,21.3,6.0,0.0,0.0,22.7
2023-05-03,Denver,25.1,5.8,0.1,0.0,15.6
2023-05-04,Denver,24.1,6.2,2.5,0.0,28.0
2023-05-05,Denver,24.9,5.9,0.1,0.0,32.6
2023-05-06,Denver,23.4,3.7,0.0,0.0,20.8
2023-05-07,Denver,21.4,4.2,2.2,0.0,14.8
2023-05-08,Denver,23.3,4.7,0.0,0.0,20.1
2023-05-09,Denver,24.1,7.1,0.0,0.0,23.2
2023-05-10,Denver,17.0,9.3,16.7,0.0,21.3
2023-05-11,Denver,11.0,8.4,49.8,0.0,22.1
2023-05-12,Denver,16.4,7.8,18.9,0.0,32.1
2023-05-13,Denver,16.2,6.2,1.0,0.0,18.2
2023-05-14,Denver,16.5,9.1,6.3,0.0,20.2
2023-05-15,Denver,17.1,8.0,2.7,0.0,11.1
2023-05-16,Denver,23.9,6.4,0.3,0.0,14.5
2023-05-17,Denver,24.3,7.7,1.0,0.0,11.6
2023-05-18,Denver,18.1,7.8,15.4,0.0,27.8
2023-05-19,Denver,16.2,9.9,4.5,0.0,13.0
2023-05-20,Denver,19.7,7.2,0.2,0.0,18.9
2023-05-21,Denver,22.9,7.5,0.0,0.0,15.0
2023-05-22,Denver,24.4,7.3,0.0,0.0,11.9
2023-05-23,Denver,24.8,8.6,0.0,0.0,14.7
2023-05-24,Denver,22.0,8.1,0.2,0.0,14.2
2023-05-25,Denver,23.7,9.2,0.8,0.0,20.3
2023-05-26,Denver,21.8,8.2,5.1,0.0,20.1
2023-05-27,Denver,26.9,8.5,0.8,0.0,27.9
2023-05-28,Denver,25.2,7.8,0.0,0.0,10.5
2023-05-29,Denver,27.2,8.5,0.1,0.0,19.1
2023-05-30,Denver,27.4,8.2,0.0,0.0,20.3
2023-05-31,Denver,26.2,9.1,2.3,0.0,21.0
2023-06-01,Denver,21.0,11.6,5.8,0.0,18.3
2023-06-02,Denver,21.1,9.9,1.9,0.0,14.2
2023-06-03,Denver,15.8,10.7,16.8,0.0,10.9
2023-06-04,Denver,17.3,11.5,27.1,0.0,9.8
2023-06-05,Denver,20.8,9.4,7.1,0.0,14.8
2023-06-06,Denver,22.0,8.5,0.8,0.0,14.8
2023-06-07,Denver,22.1,8.7,4.5,0.0,11.3
2023-06-08,Denver,23.6,10.3,1.5,0.0,12.7
2023-06-09,Denver,24.1,9.7,0.9,0.0,16.9
2023-06-10,Denver,22.3,9.4,0.0,0.0,14.7
2023-06-11,Denver,20.8,10.3,4.4,0.0,17.1
2023-06-12,Denver,18.0,10.3,2.5,0.0,14.8
2023-06-13,Denver,18.1,8.7,7.7,0.0,11.4
2023-06-14,Denver,24.7,7.9,0.0,0.0,11.7
2023-06-15,Denver,22.4,9.3,13.6,0.0,18.1
2023-06-16,Denver,16.5,10.2,22.4,0.0,17.5
2023-06-17,Denver,19.0,7.7,0.5,0.0,15.1
2023-06-18,Denver,29.0,8.5,0.1,0.0,16.6
2023-06-19,Denver,32.0,11.1,0.0,0.0,22.8
2023-06-20,Denver,29.8,9.9,0.0,0.0,12.2
2023-06-21,Denver,26.0,11.5,7.1,0.0,26.9
2023-06-22,Denver,27.2,12.6,4.3,0.0,26.3
2023-06-23,Denver,28.7,13.1,0.0,0.0,26.0
2023-06-24,Denver,29.6,9.1,0.0,0.0,22.3
2023-06-25,Denver,27.2,11.1,0.0,0.0,17.3
2023-06-26,Denver,32.5,10.9,0.0,0.0,15.5
2023-06-27,Denver,33.8,12.3,0.0,0.0,23.7
2023-06-28,Denver,28.8,13.1,1.4,0.0,18.1
2023-06-29,Denver,29.3,14.1,1.7,0.0,26.1
2023-06-30,Denver,21.0,12.3,8.9,0.0,21.0
2023-07-01,Denver,26.9,9.7,0.0,0.0,14.0
2023-07-02,Denver,28.5,11.3,0.2,0.0,25.8
2023-07-03,Denver,31.7,11.3,0.0,0.0,17.1
2023-07-04,Denver,26.8,13.5,6.5,0.0,25.6
2023-07-05,Denver,23.3,13.5,5.3,0.0,21.5
2023-07-06,Denver,23.8,14.3,0.4,0.0,14.8
2023-07-07,Denver,24.4,12.5,0.4,0.0,23.7
2023-07-08,Denver,25.3,12.8,0.3,0.0,21.3
2023-07-09,Denver,27.0,12.5,0.1,0.0,14.1
2023-07-10,Denver,33.7,11.8,0.0,0.0,24.4
2023-07-11,Denver,34.5,12.2,0.0,0.0,12.7
2023-07-12,Denver,33.1,14.1,0.0,0.0,13.2
2023-07-13,Denver,33.2,14.8,0.0,0.0,20.8
2023-07-14,Denver,27.8,14.6,0.3,0.0,22.7
2023-07-15,Denver,26.1,15.1,0.5,0.0,11.3
2023-07-16,Denver,32.4,13.6,0.0,0.0,18.0
2023-07-17,Denver,37.1,13.7,0.0,0.0,33.6
2023-07-18,Denver,35.0,16.0,0.0,0.0,18.1
2023-07-19,Denver,32.4,18.4,0.6,0.0,26.2
2023-07-20,Denver,28.3,16.0,11.2,0.0,26.9
2023-07-21,Denver,28.3,13.3,0.0,0.0,14.1
2023-07-22,Denver,31.4,12.5,0.0,0.0,18.4
2023-07-23,Denver,35.4,12.8,0.0,0.0,21.9
2023-07-24,Denver,35.5,16.0,0.0,0.0,24.3
2023-07-25,Denver,35.4,17.6,0.0,0.0,26.7
2023-07-26,Denver,32.5,16.1,0.0,0.0,13.7
2023-07-27,Denver,34.3,15.6,0.6,0.0,22.0
2023-07-28,Denver,33.6,14.8,1.4,0.0,15.3
2023-07-29,Denver,30.9,14.9,0.0,0.0,20.1
2023-07-30,Denver,33.9,15.4,0.0,0.0,21.9
2023-07-31,Denver,30.2,19.8,17.4,0.0,19.4
2023-08-01,Denver,30.0,17.1,4.5,0.0,18.9
2023-08-02,Denver,29.3,14.3,0.6,0.0,18.4
2023-08-03,Denver,27.8,15.5,0.3,0.0,13.7
2023-08-04,Denver,30.9,13.4,0.2,0.0,12.6
2023-08-05,Denver,28.4,14.4,0.8,0.0,30.4
2023-08-06,Denver,22.7,13.6,0.4,0.0,15.9
2023-08-07,Denver,26.7,11.1,2.3,0.0,14.6
2023-08-08,Denver,27.8,11.0,0.4,0.0,20.4
2023-08-09,Denver,27.5,11.4,0.0,0.0,15.5
2023-08-10,Denver,32.2,12.3,0.0,0.0,18.5
2023-08-11,Denver,31.4,13.4,0.0,0.0,20.7
2023-08-12,Denver,30.3,15.9,0.0,0.0,14.5
2023-08-13,Denver,24.5,15.7,0.0,0.0,19.5
2023-08-14,Denver,26.0,13.9,0.0,0.0,13.9
2023-08-15,Denver,33.2,11.5,0.0,0.0,17.0
2023-08-16,Denver,34.5,14.1,0.0,0.0,20.2
2023-08-17,Denver,34.8,17.2,0.0,0.0,25.9
2023-08-18,Denver,34.9,18.4,1.1,0.0,17.5
2023-08-19,Denver,35.6,16.1,0.3,0.0,23.9
2023-08-20,Denver,35.7,16.0,0.0,0.0,36.7
2023-08-21,Denver,37.4,19.1,0.0,0.0,39.7
2023-08-22,Denver,35.1,18.9,0.0,0.0,27.8
2023-08-23,Denver,34.4,16.3,0.0,0.0,13.2
2023-08-24,Denver,32.7,18.1,0.8,0.0,22.8
2023-08-25,Denver,22.3,15.7,14.3,0.0,23.2
2023-08-26,Denver,25.1,14.4,0.8,0.0,11.0
2023-08-27,Denver,29.0,13.7,1.3,0.0,17.6
2023-08-28,Denver,25.3,13.2,0.5,0.0,19.8
2023-08-29,Denver,28.5,11.1,0.0,0.0,6.4
2023-08-30,Denver,33.9,11.5,0.0,0.0,14.5
2023-08-31,Denver,35.0,13.2,0.0,0.0,13.8
2023-09-01,Denver,35.7,13.5,0.0,0.0,27.4
2023-09-02,Denver,34.7,15.6,0.0,0.0,27.1
2023-09-03,Denver,31.9,15.8,5.9,0.0,22.1
2023-09-04,Denver,32.7,13.7,0.0,0.0,25.0
2023-09-05,Denver,25.8,13.1,0.0,0.0,20.1
2023-09-06,Denver,31.3,10.7,0.0,0.0,21.2
2023-09-07,Denver,31.2,10.8,0.0,0.0,13.2
2023-09-08,Denver,32.3,11.7,0.0,0.0,9.3
2023-09-09,Denver,29.6,11.2,0.0,0.0,14.1
2023-09-10,Denver,21.3,12.6,3.0,0.0,21.3
2023-09-11,Denver,19.1,11.4,6.3,0.0,19.9
2023-09-12,Denver,22.7,7.8,0.6,0.0,11.8
2023-09-13,Denver,25.7,8.0,0.0,0.0,9.4
2023-09-14,Denver,21.8,9.1,11.4,0.0,22.0
2023-09-15,Denver,17.4,9.3,7.5,0.0,10.4
2023-09-16,Denver,23.2,5.4,0.0,0.0,7.8
2023-09-17,Denver,27.0,6.3,0.0,0.0,10.5
2023-09-18,Denver,28.0,9.4,0.0,0.0,26.0
2023-09-19,Denver,26.1,11.6,3.2,0.0,28.4
2023-09-20,Denver,26.3,8.3,0.0,0.0,13.6
2023-09-21,Denver,26.1,8.6,0.0,0.0,16.1
2023-09-22,Denver,29.1,8.6,0.0,0.0,16.3
2023-09-23,Denver,25.3,6.8,0.0,0.0,11.6
2023-09-24,Denver,25.4,4.6,0.0,0.0,12.4
2023-09-25,Denver,27.2,5.1,0.0,0.0,13.1
2023-09-26,Denver,27.9,6.4,0.0,0.0,11.4
2023-09-27,Denver,31.0,7.5,0.0,0.0,19.9
2023-09-28,Denver,30.7,8.5,0.0,0.0,19.1
2023-09-29,Denver,28.5,8.6,0.0,0.0,23.1
2023-09-30,Denver,30.9,8.0,0.0,0.0,27.5
2023-10-01,Denver,29.7,12.3,0.0,0.0,30.2
2023-10-02,Denver,28.7,10.6,0.1,0.0,27.1
2023-10-03,Denver,21.3,7.0,0.0,0.0,21.0
2023-10-04,Denver,21.6,9.5,0.0,0.0,14.7
2023-10-05,Denver,21.1,6.0,0.0,0.0,14.2
2023-10-06,Denver,13.6,6.9,0.0,0.0,11.2
2023-10-07,Denver,21.9,2.1,0.0,0.0,11.2
2023-10-08,Denver,24.8,4.1,0.0,0.0,11.2
2023-10-09,Denver,25.7,4.3,0.0,0.0,10.8
2023-10-10,Denver,26.3,4.9,0.0,0.0,25.5
2023-10-11,Denver,22.4,6.5,1.0,0.0,26.1
2023-10-12,Denver,16.0,5.5,0.4,0.0,27.8
2023-10-13,Denver,12.6,2.0,0.1,0.0,17.4
2023-10-14,Denver,14.4,1.1,0.0,0.0,10.7
2023-10-15,Denver,18.2,-0.2,0.0,0.0,12.0
2023-10-16,Denver,23.3,2.0,0.0,0.0,9.1
2023-10-17,Denver,28.1,5.2,0.0,0.0,18.7
2023-10-18,Denver,21.8,6.9,0.0,0.0,14.3
2023-10-19,Denver,26.8,7.3,0.0,0.0,15.3
2023-10-20,Denver,29.4,6.0,0.0,0.0,11.9
2023-10-21,Denver,25.2,4.0,0.0,0.0,17.1
2023-10-22,Denver,23.7,6.9,0.0,0.0,11.3
2023-10-23,Denver,27.0,3.4,0.0,0.0,18.2
2023-10-24,Denver,21.8,4.8,3.8,0.0,19.2
2023-10-25,Denver,22.1,4.4,0.0,0.0,16.4
2023-10-26,Denver,15.0,4.7,0.0,0.0,17.3
2023-10-27,Denver,10.3,0.2,0.0,0.0,18.6
2023-10-28,Denver,0.0,-4.2,12.0,8.4,17.9
2023-10-29,Denver,-4.6,-14.3,4.2,2.87,10.9
2023-10-30,Denver,0.3,-16.5,0.0,0.0,12.2
2023-10-31,Denver,0.5,-13.1,0.0,0.0,12.5
2023-11-01,Denver,10.5,-7.1,0.0,0.0,15.7
2023-11-02,Denver,17.3,-4.9,0.0,0.0,11.3
2023-11-03,Denver,19.4,0.6,0.0,0.0,12.7
2023-11-04,Denver,18.5,-1.1,0.0,0.0,10.2
2023-11-05,Denver,22.7,2.0,0.0,0.0,17.1
2023-11-06,Denver,21.3,-0.7,0.0,0.0,10.7
2023-11-07,Denver,21.8,1.0,0.0,0.0,23.6
2023-11-08,Denver,7.6,2.0,4.4,0.91,11.9
2023-11-09,Denver,8.8,-4.0,0.6,0.0,8.8
2023-11-10,Denver,11.3,-6.0,0.0,0.0,7.4
2023-11-11,Denver,14.3,-4.4,0.0,0.0,13.7
2023-11-12,Denver,16.1,-3.3,0.0,0.0,13.2
2023-11-13,Denver,15.0,-3.8,0.0,0.0,11.6
2023-11-14,Denver,19.4,-1.4,0.0,0.0,12.4
2023-11-15,Denver,17.3,-3.1,0.0,0.0,13.3
2023-11-16,Denver,19.8,1.0,0.0,0.0,14.2
2023-11-17,Denver,17.3,-1.0,0.0,0.0,10.5
2023-11-18,Denver,15.4,-3.1,0.3,0.0,9.6
2023-11-19,Denver,14.0,-1.5,0.6,0.0,20.0
2023-11-20,Denver,7.8,0.0,0.5,0.0,35.2
2023-11-21,Denver,12.3,-3.1,0.0,0.0,9.8
2023-11-22,Denver,18.8,-2.5,0.0,0.0,13.2
2023-11-23,Denver,5.3,-2.3,0.6,0.42,17.5
2023-11-24,Denver,-2.7,-7.3,2.4,1.61,22.9
2023-11-25,Denver,-4.2,-8.6,1.4,1.05,13.2
2023-11-26,Denver,3.7,-8.4,0.0,0.0,7.6
2023-11-27,Denver,6.9,-8.8,0.0,0.0,12.7
2023-11-28,Denver,11.7,-5.6,0.0,0.0,11.2
2023-11-29,Denver,12.0,-7.6,0.0,0.0,8.3
2023-11-30,Denver,3.4,-5.9,0.0,0.0,11.7
2023-12-01,Denver,4.6,-6.4,0.1,0.07,9.7
2023-12-02,Denver,4.5,-6.7,0.0,0.0,32.8
2023-12-03,Denver,4.1,-2.6,3.7,2.59,16.5
2023-12-04,Denver,13.0,-4.4,0.0,0.0,23.8
2023-12-05,Denver,14.5,-2.6,0.0,0.0,12.8
2023-12-06,Denver,15.8,-2.7,0.0,0.0,10.8
2023-12-07,Denver,14.7,-3.5,0.0,0.0,13.2
2023-12-08,Denver,5.8,-2.5,3.5,2.45,22.7
2023-12-09,Denver,1.1,-11.6,2.4,1.68,10.9
2023-12-10,Denver,7.2,-11.6,0.0,0.0,18.5
2023-12-11,Denver,8.9,-4.3,0.0,0.0,17.7
2023-12-12,Denver,0.2,-3.8,0.2,0.14,10.5
2023-12-13,Denver,3.4,-3.0,3.8,2.66,17.1
2023-12-14,Denver,1.1,-7.1,0.0,0.0,10.5
2023-12-15,Denver,7.6,-6.3,0.0,0.0,11.5
2023-12-16,Denver,10.7,-6.6,0.0,0.0,14.8
2023-12-17,Denver,13.4,-4.9,0.0,0.0,15.8
2023-12-18,Denver,9.1,-6.8,0.0,0.0,6.7
2023-12-19,Denver,14.0,-3.0,0.0,0.0,11.5
2023-12-20,Denver,12.1,-2.2,0.0,0.0,8.6
2023-12-21,Denver,13.7,-2.6,0.0,0.0,13.4
2023-12-22,Denver,11.5,-4.5,0.0,0.0,8.2
2023-12-23,Denver,10.6,-3.9,2.6,0.42,12.2
2023-12-24,Denver,2.0,-7.1,2.5,1.26,20.2
2023-12-25,Denver,-1.7,-10.4,0.0,0.0,7.8
2023-12-26,Denver,3.3,-5.2,1.6,1.12,9.2
2023-12-27,Denver,6.3,-6.5,0.0,0.0,9.1
2023-12-28,Denver,6.5,-7.7,0.0,0.0,10.7
2023-12-29,Denver,9.8,-7.2,0.0,0.0,13.2
2023-12-30,Denver,9.7,-5.9,0.0,0.0,12.0
2023-12-31,Denver,4.2,-7.1,0.0,0.0,8.4
2024-01-01,Denver,10.0,-6.7,0.0,0.0,12.5
2024-01-02,Denver,6.9,-6.5,0.0,0.0,12.1
2024-01-03,Denver,6.6,-7.6,0.0,0.0,9.8
2024-01-04,Denver,1.5,-6.2,0.1,0.07,9.7
2024-01-05,Denver,4.7,-6.0,0.1,0.07,10.0
2024-01-06,Denver,3.1,-7.2,0.7,0.49,14.8
2024-01-07,Denver,1.2,-7.9,0.1,0.07,16.8
2024-01-08,Denver,-1.3,-8.2,0.9,0.63,34.6
2024-01-09,Denver,5.1,-8.2,0.0,0.0,15.8
2024-01-10,Denver,2.6,-4.2,0.3,0.28,38.9
2024-01-11,Denver,-1.9,-11.6,0.0,0.0,24.8
2024-01-12,Denver,1.7,-13.9,0.1,0.07,33.6
2024-01-13,Denver,-10.7,-23.7,4.6,3.22,19.5
2024-01-14,Denver,-19.0,-22.5,2.3,1.61,8.7
2024-01-15,Denver,-17.0,-33.5,4.7,3.29,24.0
2024-01-16,Denver,-5.4,-36.5,0.0,0.0,16.8
2024-01-17,Denver,1.0,-17.0,0.0,0.0,13.7
2024-01-18,Denver,5.5,-11.1,0.0,0.0,21.7
2024-01-19,Denver,-5.6,-12.9,0.0,0.0,10.0
2024-01-20,Denver,0.5,-10.8,0.0,0.0,7.9
2024-01-21,Denver,4.7,-7.6,0.0,0.0,12.3
2024-01-22,Denver,6.3,-6.6,0.0,0.0,10.9
2024-01-23,Denver,4.6,-8.3,0.0,0.0,10.2
2024-01-24,Denver,7.5,-7.6,0.0,0.0,8.2
2024-01-25,Denver,7.9,-6.5,0.2,0.14,10.5
2024-01-26,Denver,2.4,-6.5,5.5,3.64,11.5
2024-01-27,Denver,4.1,-10.8,0.0,0.0,13.0
2024-01-28,Denver,11.7,-8.0,0.0,0.0,12.8
2024-01-29,Denver,12.6,-4.8,0.1,0.0,9.9
2024-01-30,Denver,12.2,-5.2,0.0,0.0,9.2
2024-01-31,Denver,13.4,-5.6,0.0,0.0,8.9
2024-02-01,Denver,13.7,-4.0,0.0,0.0,10.5
2024-02-02,Denver,9.9,-4.4,0.3,0.21,16.5
2024-02-03,Denver,2.0,-0.6,41.6,23.03,17.3
2024-02-04,Denver,1.0,-15.2,0.0,0.0,10.5
2024-02-05,Denver,-1.3,-18.2,0.0,0.0,11.3
2024-02-06,Denver,6.7,-12.1,0.0,0.0,14.7
2024-02-07,Denver,6.1,-6.9,0.4,0.07,18.7
2024-02-08,Denver,6.8,-8.6,0.0,0.0,15.6
2024-02-09,Denver,4.4,-11.6,1.2,0.84,10.4
2024-02-10,Denver,-0.7,-7.1,3.5,2.45,16.9
2024-02-11,Denver,0.8,-16.0,0.0,0.0,9.0
2024-02-12,Denver,8.7,-13.1,0.0,0.0,9.4
2024-02-13,Denver,8.6,-11.7,0.0,0.0,11.3
2024-02-14,Denver,7.5,-11.7,0.0,0.0,8.9
2024-02-15,Denver,6.7,-10.7,0.0,0.0,12.4
2024-02-16,Denver,3.2,-6.9,3.2,2.24,23.3
2024-02-17,Denver,0.2,-14.0,0.9,0.63,10.3
2024-02-18,Denver,4.0,-15.6,0.0,0.0,8.5
2024-02-19,Denver,11.0,-8.7,0.0,0.0,23.5
2024-02-20,Denver,15.5,-8.6,0.0,0.0,18.1
2024-02-21,Denver,15.2,-4.1,0.0,0.0,18.4
2024-02-22,Denver,7.4,-4.3,0.3,0.14,20.2
2024-02-23,Denver,10.0,-5.4,0.0,0.0,15.7
2024-02-24,Denver,15.3,-6.4,0.0,0.0,21.2
2024-02-25,Denver,16.9,-2.0,0.0,0.0,22.9
2024-02-26,Denver,16.0,-1.7,0.0,0.0,35.5
2024-02-27,Denver,3.4,-5.4,4.7,3.29,29.3
2024-02-28,Denver,11.0,-8.2,0.0,0.0,15.2
2024-02-29,Denver,14.5,-5.6,0.0,0.0,12.3
2024-03-01,Denver,14.9,-4.2,0.0,0.0,15.3
2024-03-02,Denver,17.1,-4.1,0.0,0.0,32.8
2024-03-03,Denver,10.5,-0.1,1.4,0.63,26.8
2024-03-04,Denver,9.9,-4.9,0.0,0.0,18.3
2024-03-05,Denver,8.0,-4.7,0.0,0.0,12.3
2024-03-06,Denver,13.4,-4.8,0.0,0.0,16.9
2024-03-07,Denver,7.2,-3.1,0.3,0.0,17.8
2024-03-08,Denver,1.6,-5.3,1.2,0.91,14.8
2024-03-09,Denver,11.2,-8.2,0.0,0.0,7.4
2024-03-10,Denver,15.5,-5.1,0.0,0.0,10.5
2024-03-11,Denver,16.7,-4.1,0.0,0.0,12.3
2024-03-12,Denver,14.7,-4.0,0.0,0.0,16.2
2024-03-13,Denver,10.7,-0.5,14.9,3.29,18.7
2024-03-14,Denver,1.5,-0.2,24.8,16.03,24.7
2024-03-15,Denver,3.5,-9.2,2.0,1.4,16.3
2024-03-16,Denver,5.4,-14.8,0.0,0.0,11.9
2024-03-17,Denver,5.1,-7.6,0.0,0.0,9.0
2024-03-18,Denver,10.8,-9.8,0.0,0.0,9.2
2024-03-19,Denver,14.1,-6.4,0.0,0.0,9.3
2024-03-20,Denver,13.4,-5.8,0.0,0.0,11.3
2024-03-21,Denver,17.2,-4.4,0.0,0.0,21.7
2024-03-22,Denver,15.9,-3.0,0.0,0.0,16.2
2024-03-23,Denver,18.1,-3.5,0.0,0.0,16.6
2024-03-24,Denver,12.6,-3.2,10.7,4.27,30.2
2024-03-25,Denver,1.9,-6.9,1.5,1.05,14.6
2024-03-26,Denver,6.6,-10.6,0.0,0.0,11.6
2024-03-27,Denver,9.9,-7.4,0.0,0.0,11.2
2024-03-28,Denver,15.2,-6.2,0.0,0.0,15.6
2024-03-29,Denver,10.8,-2.2,1.1,0.35,17.2
2024-03-30,Denver,14.3,-2.3,0.0,0.0,16.0
2024-03-31,Denver,17.3,-2.9,2.4,0.0,14.7
2024-04-01,Denver,10.3,1.0,3.6,0.49,18.2
2024-04-02,Denver,13.3,-3.6,0.0,0.0,15.9
2024-04-03,Denver,19.2,0.9,0.0,0.0,14.4
2024-04-04,Denver,22.2,-1.9,0.0,0.0,15.5
2024-04-05,Denver,22.5,1.5,0.0,0.0,31.2
2024-04-06,Denver,8.7,3.9,1.1,0.42,75.6
2024-04-07,Denver,12.8,1.6,0.0,0.0,70.8
2024-04-08,Denver,12.8,-4.5,0.0,0.0,10.2
2024-04-09,Denver,15.5,-2.8,0.0,0.0,13.7
2024-04-10,Denver,15.0,1.8,0.0,0.0,18.5
2024-04-11,Denver,15.2,2.0,0.0,0.0,9.4
2024-04-12,Denver,23.8,0.2,0.0,0.0,16.0
2024-04-13,Denver,24.2,4.7,0.4,0.0,12.2
2024-04-14,Denver,26.8,2.6,0.0,0.0,29.2
2024-04-15,Denver,21.8,3.2,0.1,0.0,40.6
2024-04-16,Denver,18.6,5.6,1.8,0.07,27.4
2024-04-17,Denver,21.9,5.1,0.0,0.0,29.1
2024-04-18,Denver,5.6,1.1,0.2,0.14,14.8
2024-04-19,Denver,7.5,0.4,5.0,2.8,19.3
2024-04-20,Denver,6.2,0.1,1.8,1.19,16.6
2024-04-21,Denver,18.0,-2.1,0.0,0.0,10.3
2024-04-22,Denver,24.8,2.7,0.0,0.0,23.9
2024-04-23,Denver,16.2,4.8,0.3,0.0,18.9
2024-04-24,Denver,23.3,2.6,0.2,0.0,13.6
2024-04-25,Denver,22.5,3.5,2.2,0.0,15.6
2024-04-26,Denver,18.4,7.7,12.9,0.0,17.9
2024-04-27,Denver,8.0,2.5,30.7,2.94,19.1
2024-04-28,Denver,14.8,0.9,0.6,0.0,8.9
2024-04-29,Denver,19.9,1.1,0.0,0.0,13.7
2024-04-30,Denver,22.7,2.6,0.0,0.0,23.1
2024-05-01,Denver,18.3,3.6,1.8,0.0,33.4
2024-05-02,Denver,16.7,2.7,0.0,0.0,21.1
2024-05-03,Denver,23.3,3.2,0.0,0.0,31.5
2024-05-04,Denver,18.5,2.0,0.0,0.0,15.5
2024-05-05,Denver,25.2,2.3,0.0,0.0,29.8
2024-05-06,Denver,14.5,7.8,0.3,0.0,59.9
2024-05-07,Denver,16.0,4.3,0.1,0.0,22.1
2024-05-08,Denver,14.5,1.4,0.0,0.0,22.1
2024-05-09,Denver,13.2,4.4,1.0,0.0,20.1
2024-05-10,Denver,14.2,5.7,2.8,0.0,13.4
2024-05-11,Denver,19.2,1.1,0.6,0.0,12.3
2024-05-12,Denver,17.7,7.1,19.1,0.0,20.9
2024-05-13,Denver,22.6,3.1,0.0,0.0,9.4
2024-05-14,Denver,26.3,6.4,0.8,0.0,23.2
2024-05-15,Denver,17.7,6.4,1.7,0.0,14.8
2024-05-16,Denver,22.9,4.9,0.0,0.0,12.4
2024-05-17,Denver,28.1,7.2,0.0,0.0,24.5
2024-05-18,Denver,25.8,7.4,1.6,0.0,31.0
2024-05-19,Denver,27.3,8.8,0.0,0.0,25.1
2024-05-20,Denver,24.4,8.5,5.1,0.0,34.9
2024-05-21,Denver,16.8,6.1,10.3,0.0,20.1
2024-05-22,Denver,23.3,1.1,0.0,0.0,30.1
2024-05-23,Denver,26.0,4.4,0.0,0.0,26.5
2024-05-24,Denver,20.8,4.6,0.0,0.0,18.2
2024-05-25,Denver,22.0,5.6,2.7,0.0,20.9
2024-05-26,Denver,24.2,6.6,0.0,0.0,25.3
2024-05-27,Denver,25.5,6.5,0.0,0.0,9.6
2024-05-28,Denver,27.3,8.6,0.0,0.0,15.5
2024-05-29,Denver,30.7,10.1,0.0,0.0,24.0
2024-05-30,Denver,25.9,10.7,0.0,0.0,24.0
2024-05-31,Denver,23.3,11.4,0.7,0.0,19.0
2024-06-01,Denver,30.3,8.8,0.0,0.0,16.1
2024-06-02,Denver,30.1,9.9,0.0,0.0,30.8
2024-06-03,Denver,31.3,10.6,0.0,0.0,31.1
2024-06-04,Denver,28.3,14.5,0.0,0.0,25.4
2024-06-05,Denver,32.9,11.5,0.0,0.0,24.2
2024-06-06,Denver,31.8,14.3,0.0,0.0,20.2
2024-06-07,Denver,35.5,16.1,0.0,0.0,23.5
2024-06-08,Denver,30.2,15.7,2.5,0.0,35.4
2024-06-09,Denver,27.0,13.8,0.0,0.0,14.0
2024-06-10,Denver,29.4,13.3,0.3,0.0,19.6
2024-06-11,Denver,29.4,14.6,1.4,0.0,18.5
2024-06-12,Denver,34.2,13.8,0.0,0.0,20.1
2024-06-13,Denver,34.0,14.5,0.0,0.0,24.8
2024-06-14,Denver,29.7,15.9,0.1,0.0,23.1
2024-06-15,Denver,31.1,14.9,0.0,0.0,18.3
2024-06-16,Denver,31.5,13.1,0.0,0.0,23.9
2024-06-17,Denver,32.4,13.4,0.0,0.0,22.8
2024-06-18,Denver,23.5,14.1,0.0,0.0,19.1
2024-06-19,Denver,26.5,11.7,0.2,0.0,22.7
2024-06-20,Denver,33.5,13.9,0.4,0.0,32.8
2024-06-21,Denver,30.1,16.4,0.4,0.0,18.4
2024-06-22,Denver,32.6,13.6,0.0,0.0,17.1
2024-06-23,Denver,34.5,14.5,0.0,0.0,15.6
2024-06-24,Denver,35.4,16.2,0.0,0.0,22.2
2024-06-25,Denver,35.6,16.4,0.0,0.0,19.8
2024-06-26,Denver,32.0,18.4,0.0,0.0,23.6
2024-06-27,Denver,35.8,17.0,0.9,0.0,36.4
2024-06-28,Denver,34.7,17.2,0.0,0.0,24.5
2024-06-29,Denver,30.9,16.3,0.0,0.0,21.4
2024-06-30,Denver,33.2,18.3,0.1,0.0,15.4
2024-07-01,Denver,31.4,20.5,0.0,0.0,16.3
2024-07-02,Denver,31.7,16.6,0.0,0.0,22.0
2024-07-03,Denver,34.4,13.8,0.0,0.0,28.7
2024-07-04,Denver,28.3,13.5,0.0,0.0,25.6
2024-07-05,Denver,27.0,14.9,0.0,0.0,21.3
2024-07-06,Denver,32.4,13.4,0.0,0.0,17.6
2024-07-07,Denver,25.3,15.2,0.4,0.0,23.7
2024-07-08,Denver,28.0,10.8,0.0,0.0,12.1
2024-07-09,Denver,31.8,12.4,0.0,0.0,20.5
2024-07-10,Denver,33.5,12.5,0.0,0.0,21.4
2024-07-11,Denver,35.0,14.6,0.0,0.0,18.9
2024-07-12,Denver,38.2,15.7,0.0,0.0,28.8
2024-07-13,Denver,37.4,15.4,0.0,0.0,19.1
2024-07-14,Denver,36.1,16.4,0.0,0.0,25.9
2024-07-15,Denver,35.0,18.6,0.0,0.0,26.7
2024-07-16,Denver,29.4,17.3,1.7,0.0,12.3
2024-07-17,Denver,32.4,16.0,1.3,0.0,35.0
2024-07-18,Denver,30.9,14.1,0.5,0.0,8.8
2024-07-19,Denver,32.1,15.5,1.0,0.0,26.3
2024-07-20,Denver,29.7,13.7,3.9,0.0,20.0
2024-07-21,Denver,25.5,13.7,6.3,0.0,18.5
2024-07-22,Denver,29.1,12.9,0.2,0.0,20.1
2024-07-23,Denver,31.5,12.8,0.0,0.0,9.9
2024-07-24,Denver,34.1,13.5,0.0,0.0,19.7
2024-07-25,Denver,36.7,14.8,0.0,0.0,27.8
2024-07-26,Denver,33.5,18.3,0.4,0.0,20.2
2024-07-27,Denver,33.2,14.6,0.0,0.0,24.0
2024-07-28,Denver,35.8,15.8,0.0,0.0,19.5
2024-07-29,Denver,36.3,14.1,0.0,0.0,26.4
2024-07-30,Denver,36.6,14.1,0.0,0.0,18.7
2024-07-31,Denver,35.4,14.8,0.0,0.0,13.5
2024-08-01,Denver,37.0,15.3,0.0,0.0,15.0
2024-08-02,Denver,34.7,16.7,0.9,0.0,30.5
2024-08-03,Denver,35.5,17.4,0.0,0.0,14.1
2024-08-04,Denver,38.3,18.4,0.2,0.0,32.5
2024-08-05,Denver,33.9,19.5,4.1,0.0,19.3
2024-08-06,Denver,34.3,17.4,0.1,0.0,19.9
2024-08-07,Denver,34.3,18.4,0.2,0.0,19.8
2024-08-08,Denver,25.8,17.2,3.9,0.0,20.9
2024-08-09,Denver,23.0,15.4,1.2,0.0,20.9
2024-08-10,Denver,28.7,13.5,0.1,0.0,18.5
2024-08-11,Denver,32.6,14.8,0.0,0.0,23.7
2024-08-12,Denver,29.9,17.3,0.4,0.0,20.1
2024-08-13,Denver,29.0,15.3,5.6,0.0,19.4
2024-08-14,Denver,30.3,13.2,1.4,0.0,20.9
2024-08-15,Denver,29.7,13.0,0.0,0.0,13.5
2024-08-16,Denver,33.1,13.5,0.0,0.0,16.1
2024-08-17,Denver,35.6,13.2,0.0,0.0,20.0
2024-08-18,Denver,33.7,16.8,0.0,0.0,31.5
2024-08-19,Denver,33.0,16.6,1.1,0.0,21.2
2024-08-20,Denver,35.3,14.9,1.1,0.0,12.8
2024-08-21,Denver,34.6,15.6,0.5,0.0,38.4
2024-08-22,Denver,30.5,18.5,3.5,0.0,22.7
2024-08-23,Denver,30.0,14.9,0.0,0.0,19.2
2024-08-24,Denver,33.7,16.1,0.1,0.0,34.0
2024-08-25,Denver,34.0,18.0,0.8,0.0,20.8
2024-08-26,Denver,31.1,16.5,0.2,0.0,15.1
2024-08-27,Denver,31.0,13.9,0.0,0.0,18.6
2024-08-28,Denver,33.8,12.7,0.0,0.0,13.8
2024-08-29,Denver,29.5,16.6,0.0,0.0,14.8
2024-08-30,Denver,30.8,12.5,0.0,0.0,13.2
2024-08-31,Denver,31.9,12.1,0.0,0.0,14.3
2024-09-01,Denver,31.3,12.0,0.0,0.0,21.3
2024-09-02,Denver,31.7,12.7,0.0,0.0,24.0
2024-09-03,Denver,33.3,13.2,0.0,0.0,14.5
2024-09-04,Denver,28.2,13.7,2.8,0.0,23.9
2024-09-05,Denver,24.0,13.3,1.3,0.0,12.3
2024-09-06,Denver,28.1,9.8,0.0,0.0,8.8
2024-09-07,Denver,29.8,10.1,0.0,0.0,11.8
2024-09-08,Denver,30.8,10.7,0.0,0.0,15.7
2024-09-09,Denver,31.3,12.6,0.0,0.0,31.1
2024-09-10,Denver,30.9,13.0,0.0,0.0,23.9
2024-09-11,Denver,29.6,12.8,0.0,0.0,17.9
2024-09-12,Denver,32.8,12.1,0.0,0.0,30.5
2024-09-13,Denver,27.0,10.9,0.0,0.0,16.1
2024-09-14,Denver,31.9,10.6,0.0,0.0,15.7
2024-09-15,Denver,31.0,11.3,0.0,0.0,22.4
2024-09-16,Denver,29.2,10.5,0.0,0.0,23.4
2024-09-17,Denver,30.8,12.7,0.0,0.0,32.4
2024-09-18,Denver,28.2,8.5,0.0,0.0,20.3
2024-09-19,Denver,30.2,7.8,0.0,0.0,27.7
2024-09-20,Denver,31.8,11.2,0.0,0.0,18.8
2024-09-21,Denver,20.9,9.2,0.9,0.0,17.4
2024-09-22,Denver,17.5,8.8,11.5,0.0,9.3
2024-09-23,Denver,25.1,6.1,0.0,0.0,12.6
2024-09-24,Denver,23.9,8.5,0.0,0.0,14.4
2024-09-25,Denver,29.6,7.6,0.0,0.0,12.4
2024-09-26,Denver,32.3,10.0,0.0,0.0,16.3
2024-09-27,Denver,28.5,11.7,0.0,0.0,13.3
2024-09-28,Denver,31.7,9.6,0.0,0.0,18.2
2024-09-29,Denver,32.3,12.1,0.0,0.0,15.7
2024-09-30,Denver,31.0,11.9,0.0,0.0,29.2
2024-10-01,Denver,22.9,7.1,0.0,0.0,11.4
2024-10-02,Denver,30.8,8.2,0.0,0.0,13.4
2024-10-03,Denver,21.7,11.0,0.0,0.0,16.1
2024-10-04,Denver,29.3,6.4,0.0,0.0,15.8
2024-10-05,Denver,30.0,8.8,0.0,0.0,25.9
2024-10-06,Denver,22.8,9.9,0.0,0.0,18.4
2024-10-07,Denver,26.5,7.2,0.0,0.0,19.3
2024-10-08,Denver,27.3,6.2,0.0,0.0,17.6
2024-10-09,Denver,27.1,7.9,0.0,0.0,16.1
2024-10-10,Denver,28.7,8.3,0.0,0.0,20.2
2024-10-11,Denver,23.2,9.1,0.0,0.0,21.0
2024-10-12,Denver,27.9,7.9,0.0,0.0,21.1
2024-10-13,Denver,19.6,7.5,0.0,0.0,14.2
2024-10-14,Denver,27.7,5.2,0.0,0.0,10.5
2024-10-15,Denver,24.3,7.6,0.0,0.0,32.2
2024-10-16,Denver,27.2,8.0,0.0,0.0,18.5
2024-10-17,Denver,24.3,9.5,0.0,0.0,28.6
2024-10-18,Denver,14.2,7.5,2.1,0.0,21.6
2024-10-19,Denver,16.4,7.0,0.0,0.0,18.3
2024-10-20,Denver,22.8,5.8,0.0,0.0,17.2
2024-10-21,Denver,19.7,6.7,9.7,0.07,37.8
2024-10-22,Denver,23.8,5.6,0.0,0.0,12.2
2024-10-23,Denver,25.1,3.3,0.0,0.0,10.7
2024-10-24,Denver,21.5,5.2,0.0,0.0,33.0
2024-10-25,Denver,18.1,1.0,0.0,0.0,11.2
2024-10-26,Denver,22.9,1.8,0.0,0.0,12.9
2024-10-27,Denver,25.7,2.0,0.0,0.0,12.2
2024-10-28,Denver,26.6,5.8,0.0,0.0,24.6
2024-10-29,Denver,17.1,3.7,0.0,0.0,28.2
2024-10-30,Denver,6.9,2.2,5.4,0.0,13.9
2024-10-31,Denver,16.7,-3.5,0.0,0.0,13.2
2024-11-01,Denver,16.1,-3.2,0.0,0.0,17.6
2024-11-02,Denver,19.6,-2.3,0.0,0.0,12.2
2024-11-03,Denver,12.6,0.1,8.5,0.98,16.7
2024-11-04,Denver,8.2,-2.4,2.7,0.0,15.1
2024-11-05,Denver,11.9,-3.8,2.6,1.68,17.9
2024-11-06,Denver,1.7,-2.3,6.2,4.2,20.9
2024-11-07,Denver,1.8,-8.5,2.9,2.03,9.1
2024-11-08,Denver,0.7,-1.7,16.6,11.13,18.2
2024-11-09,Denver,2.2,-3.0,3.4,1.54,17.2
2024-11-10,Denver,8.0,-5.4,0.0,0.0,13.1
2024-11-11,Denver,5.8,-9.8,0.0,0.0,10.1
2024-11-12,Denver,6.5,-9.5,0.4,0.0,12.4
2024-11-13,Denver,7.6,-1.5,0.0,0.0,17.3
2024-11-14,Denver,11.2,-3.6,0.0,0.0,5.9
2024-11-15,Denver,12.7,-4.6,0.0,0.0,15.1
2024-11-16,Denver,10.7,-2.9,0.1,0.07,11.1
2024-11-17,Denver,9.6,-3.5,0.0,0.0,8.9
2024-11-18,Denver,12.1,-3.0,0.0,0.0,11.9
2024-11-19,Denver,3.2,-2.4,0.0,0.0,21.6
2024-11-20,Denver,7.7,-5.6,0.0,0.0,12.6
2024-11-21,Denver,7.6,-2.9,0.0,0.0,5.6
2024-11-22,Denver,13.1,-0.8,0.0,0.0,4.6
2024-11-23,Denver,16.9,-1.4,0.0,0.0,15.0
2024-11-24,Denver,12.8,-1.6,1.5,0.56,13.9
2024-11-25,Denver,7.9,-1.9,0.2,0.07,6.2
2024-11-26,Denver,10.3,-2.1,0.3,0.0,7.6
2024-11-27,Denver,3.3,-8.3,7.6,4.2,9.2
2024-11-28,Denver,-0.5,-11.0,0.0,0.0,6.7
2024-11-29,Denver,3.1,-11.8,0.0,0.0,5.7
2024-11-30,Denver,4.3,-8.5,0.0,0.0,8.6
2024-12-01,Denver,6.5,-5.4,0.0,0.0,7.6
2024-12-02,Denver,6.2,-6.0,0.0,0.0,4.5
2024-12-03,Denver,11.6,-3.2,0.0,0.0,6.8
2024-12-04,Denver,10.7,-2.5,0.0,0.0,7.9
2024-12-05,Denver,5.4,-3.2,0.0,0.0,4.3
2024-12-06,Denver,10.3,-4.2,0.0,0.0,4.4
2024-12-07,Denver,10.5,-3.3,0.0,0.0,6.5
2024-12-08,Denver,12.3,-0.9,0.0,0.0,18.2
2024-12-09,Denver,1.6,-2.7,0.8,0.56,15.4
2024-12-10,Denver,1.6,-7.8,0.1,0.07,12.5
2024-12-11,Denver,8.0,-5.6,0.0,0.0,15.7
2024-12-12,Denver,7.0,-4.8,0.0,0.0,7.8
2024-12-13,Denver,8.6,-4.5,0.0,0.0,10.2
2024-12-14,Denver,10.1,-0.7,0.0,0.0,12.0
2024-12-15,Denver,10.7,-1.0,0.0,0.0,8.4
2024-12-16,Denver,5.7,-3.5,0.0,0.0,5.7
2024-12-17,Denver,10.4,-3.5,0.1,0.0,24.0
2024-12-18,Denver,6.9,-3.9,0.0,0.0,17.0
2024-12-19,Denver,13.7,-1.4,0.0,0.0,13.0
2024-12-20,Denver,11.7,-3.8,0.0,0.0,6.6
2024-12-21,Denver,11.6,-2.4,0.0,0.0,8.6
2024-12-22,Denver,12.5,0.2,0.0,0.0,10.0
2024-12-23,Denver,10.0,0.8,0.1,0.0,4.4
2024-12-24,Denver,9.8,-2.2,0.0,0.0,6.7
2024-12-25,Denver,9.0,-1.2,4.0,0.56,9.0
2024-12-26,Denver,8.9,-3.3,0.0,0.0,8.7
2024-12-27,Denver,7.3,-1.2,0.0,0.0,11.3
2024-12-28,Denver,10.3,-1.9,0.0,0.0,13.7
2024-12-29,Denver,12.7,0.3,0.0,0.0,7.6
2024-12-30,Denver,6.6,-0.6,0.5,0.0,25.3
2024-12-31,Denver,1.7,-5.2,0.0,0.0,8.9
2023-01-01,Miami,26.0,21.2,1.1,0.0,12.3
2023-01-02,Miami,26.3,22.5,0.0,0.0,17.2
2023-01-03,Miami,26.3,23.2,3.5,0.0,19.9
2023-01-04,Miami,26.4,23.3,1.4,0.0,22.3
2023-01-05,Miami,27.2,22.0,0.3,0.0,17.3
2023-01-06,Miami,23.8,18.1,0.0,0.0,22.1
2023-01-07,Miami,24.4,16.2,0.0,0.0,18.2
2023-01-08,Miami,25.2,20.0,0.0,0.0,16.6
2023-01-09,Miami,26.0,18.3,1.0,0.0,22.9
2023-01-10,Miami,25.6,16.6,0.1,0.0,13.3
2023-01-11,Miami,24.0,12.2,0.0,0.0,14.3
2023-01-12,Miami,26.1,16.0,0.0,0.0,14.2
2023-01-13,Miami,27.6,16.2,4.5,0.0,32.7
2023-01-14,Miami,16.2,9.2,0.0,0.0,28.9
2023-01-15,Miami,17.4,5.8,0.0,0.0,17.1
2023-01-16,Miami,21.2,8.3,0.0,0.0,11.1
2023-01-17,Miami,23.0,12.3,0.0,0.0,16.7
2023-01-18,Miami,25.0,14.1,0.0,0.0,17.4
2023-01-19,Miami,26.9,21.2,0.0,0.0,18.3
2023-01-20,Miami,26.7,17.3,0.0,0.0,13.4
2023-01-21,Miami,26.8,18.3,0.0,0.0,14.5
2023-01-22,Miami,27.0,22.5,0.2,0.0,30.2
2023-01-23,Miami,28.0,21.0,1.6,0.0,20.9
2023-01-24,Miami,25.2,20.6,1.4,0.0,24.3
2023-01-25,Miami,26.7,22.6,0.7,0.0,29.3
2023-01-26,Miami,26.7,19.4,3.1,0.0,17.1
2023-01-27,Miami,22.6,16.6,0.0,0.0,27.0
2023-01-28,Miami,24.5,20.3,0.4,0.0,28.1
2023-01-29,Miami,26.3,22.7,0.3,0.0,22.8
2023-01-30,Miami,26.4,22.9,1.2,0.0,19.2
2023-01-31,Miami,26.8,22.5,0.2,0.0,15.8
2023-02-01,Miami,27.2,22.7,0.2,0.0,18.2
2023-02-02,Miami,26.8,21.2,0.3,0.0,20.0
2023-02-03,Miami,28.9,20.3,0.6,0.0,23.5
2023-02-04,Miami,23.4,19.0,7.3,0.0,37.9
2023-02-05,Miami,25.8,20.1,42.7,0.0,27.3
2023-02-06,Miami,25.3,19.2,1.1,0.0,24.2
2023-02-07,Miami,24.0,21.2,0.0,0.0,23.0
2023-02-08,Miami,25.0,20.9,0.0,0.0,23.1
2023-02-09,Miami,25.5,22.5,1.4,0.0,24.3
2023-02-10,Miami,26.4,22.5,0.0,0.0,21.3
2023-02-11,Miami,27.2,22.4,1.0,0.0,25.4
2023-02-12,Miami,26.2,18.0,1.4,0.0,32.1
2023-02-13,Miami,24.4,13.5,0.0,0.0,22.4
2023-02-14,Miami,23.7,13.6,0.0,0.0,18.2
2023-02-15,Miami,25.9,21.2,0.0,0.0,24.3
2023-02-16,Miami,27.5,23.0,0.0,0.0,26.8
2023-02-17,Miami,27.0,22.6,4.7,0.0,20.9
2023-02-18,Miami,26.6,20.4,0.9,0.0,28.7
2023-02-19,Miami,26.7,22.3,1.2,0.0,14.9
2023-02-20,Miami,27.1,19.6,0.0,0.0,19.7
2023-02-21,Miami,27.1,19.3,0.0,0.0,21.7
2023-02-22,Miami,28.2,20.4,0.0,0.0,21.4
2023-02-23,Miami,27.6,24.0,0.4,0.0,20.9
2023-02-24,Miami,28.2,21.3,0.0,0.0,15.5
2023-02-25,Miami,28.2,19.9,0.0,0.0,12.9
2023-02-26,Miami,28.4,19.4,0.0,0.0,19.3
2023-02-27,Miami,27.5,18.1,0.0,0.0,26.4
2023-02-28,Miami,30.0,19.6,0.0,0.0,32.7
2023-03-01,Miami,27.7,16.4,0.0,0.0,21.6
2023-03-02,Miami,27.4,21.9,0.0,0.0,22.5
2023-03-03,Miami,28.4,23.5,0.1,0.0,35.0
2023-03-04,Miami,29.5,23.6,0.0,0.0,26.7
2023-03-05,Miami,30.4,19.2,0.0,0.0,22.0
2023-03-06,Miami,30.2,21.2,1.2,0.0,21.3
2023-03-07,Miami,30.5,21.2,5.7,0.0,17.3
2023-03-08,Miami,29.6,21.0,2.1,0.0,24.6
2023-03-09,Miami,25.2,21.4,0.0,0.0,23.7
2023-03-10,Miami,26.5,20.0,0.0,0.0,26.2
2023-03-11,Miami,30.6,19.5,0.6,0.0,26.3
2023-03-12,Miami,27.5,20.6,0.2,0.0,26.3
2023-03-13,Miami,31.1,22.0,0.9,0.0,27.9
2023-03-14,Miami,28.0,20.8,4.1,0.0,21.2
2023-03-15,Miami,24.0,18.7,4.7,0.0,27.9
2023-03-16,Miami,23.4,17.3,0.0,0.0,23.1
2023-03-17,Miami,26.3,20.3,0.0,0.0,23.2
2023-03-18,Miami,27.3,20.3,0.0,0.0,29.5
2023-03-19,Miami,27.0,17.2,12.4,0.0,25.6
2023-03-20,Miami,23.3,15.2,18.5,0.0,25.8
2023-03-21,Miami,23.7,15.9,0.2,0.0,20.5
2023-03-22,Miami,25.8,20.6,0.1,0.0,22.4
2023-03-23,Miami,26.8,21.5,0.0,0.0,21.0
2023-03-24,Miami,27.4,22.2,0.3,0.0,19.8
2023-03-25,Miami,27.6,23.4,0.1,0.0,23.0
2023-03-26,Miami,28.5,23.6,0.0,0.0,21.7
2023-03-27,Miami,28.4,22.1,16.3,0.0,22.5
2023-03-28,Miami,28.6,22.7,2.9,0.0,19.2
2023-03-29,Miami,27.6,21.0,35.7,0.0,15.6
2023-03-30,Miami,25.3,21.2,25.9,0.0,26.9
2023-03-31,Miami,27.1,22.4,0.2,0.0,24.9
2023-04-01,Miami,28.2,23.8,0.5,0.0,19.7
2023-04-02,Miami,29.1,21.4,1.7,0.0,20.6
2023-04-03,Miami,28.7,22.7,0.3,0.0,19.7
2023-04-04,Miami,28.8,23.7,0.6,0.0,19.4
2023-04-05,Miami,29.1,24.1,0.0,0.0,22.8
2023-04-06,Miami,28.1,24.1,0.9,0.0,24.9
2023-04-07,Miami,28.1,23.6,0.6,0.0,22.1
2023-04-08,Miami,28.5,23.4,1.0,0.0,18.2
2023-04-09,Miami,30.1,20.1,30.7,0.0,21.0
2023-04-10,Miami,24.6,19.3,21.9,0.0,26.2
2023-04-11,Miami,23.6,19.9,12.6,0.0,35.3
2023-04-12,Miami,24.0,21.0,26.0,0.0,30.1
2023-04-13,Miami,27.3,22.5,5.6,0.0,20.2
2023-04-14,Miami,28.5,21.3,0.6,0.0,17.3
2023-04-15,Miami,28.5,22.8,0.1,0.0,16.1
2023-04-16,Miami,28.3,20.8,15.2,0.0,19.9
2023-04-17,Miami,28.3,21.4,3.3,0.0,17.8
2023-04-18,Miami,26.3,18.3,0.0,0.0,19.6
2023-04-19,Miami,26.1,20.1,0.3,0.0,18.7
2023-04-20,Miami,27.1,22.2,0.6,0.0,18.6
2023-04-21,Miami,27.0,20.1,0.7,0.0,12.6
2023-04-22,Miami,28.4,21.3,0.9,0.0,14.4
2023-04-23,Miami,27.8,20.4,0.6,0.0,15.6
2023-04-24,Miami,26.7,20.1,8.4,0.0,16.6
2023-04-25,Miami,28.6,20.3,8.2,0.0,17.3
2023-04-26,Miami,30.1,19.7,20.9,0.0,24.5
2023-04-27,Miami,28.4,20.4,0.2,0.0,22.5
2023-04-28,Miami,28.0,20.7,10.4,0.0,24.4
2023-04-29,Miami,28.4,24.8,1.0,0.0,24.5
2023-04-30,Miami,29.3,21.7,6.2,0.0,38.3
2023-05-01,Miami,27.3,19.0,0.0,0.0,22.9
2023-05-02,Miami,30.4,19.0,0.0,0.0,26.8
2023-05-03,Miami,30.3,19.3,0.0,0.0,26.4
2023-05-04,Miami,29.3,19.6,0.0,0.0,19.2
2023-05-05,Miami,29.4,18.8,0.0,0.0,24.4
2023-05-06,Miami,29.2,22.5,0.8,0.0,21.2
2023-05-07,Miami,27.3,22.6,3.2,0.0,28.6
2023-05-08,Miami,28.5,22.9,0.0,0.0,21.4
2023-05-09,Miami,29.6,23.1,0.2,0.0,20.9
2023-05-10,Miami,30.3,21.7,0.1,0.0,16.1
2023-05-11,Miami,29.7,24.4,0.0,0.0,21.1
2023-05-12,Miami,29.5,25.0,0.0,0.0,26.1
2023-05-13,Miami,29.2,24.1,0.3,0.0,24.0
2023-05-14,Miami,29.5,24.6,1.2,0.0,22.0
2023-05-15,Miami,29.4,21.9,5.2,0.0,15.7
2023-05-16,Miami,30.9,21.5,0.4,0.0,19.7
2023-05-17,Miami,31.1,22.9,6.4,0.0,23.4
2023-05-18,Miami,29.6,22.1,2.2,0.0,19.6
2023-05-19,Miami,28.7,22.7,7.1,0.0,14.0
2023-05-20,Miami,29.6,23.1,0.9,0.0,15.1
2023-05-21,Miami,29.9,23.3,1.1,0.0,14.4
2023-05-22,Miami,30.0,24.0,4.2,0.0,11.8
2023-05-23,Miami,29.3,22.2,22.8,0.0,16.6
2023-05-24,Miami,28.0,21.8,7.2,0.0,15.3
2023-05-25,Miami,29.0,21.7,10.6,0.0,13.9
2023-05-26,Miami,27.4,20.8,25.3,0.0,14.8
2023-05-27,Miami,28.8,20.8,13.4,0.0,15.3
2023-05-28,Miami,29.7,22.3,2.3,0.0,19.9
2023-05-29,Miami,30.5,21.4,0.5,0.0,18.3
2023-05-30,Miami,28.7,23.1,5.3,0.0,14.1
2023-05-31,Miami,27.6,22.2,24.6,0.0,15.4
2023-06-01,Miami,29.6,22.1,7.5,0.0,16.8
2023-06-02,Miami,28.7,21.0,7.3,0.0,14.5
2023-06-03,Miami,27.5,21.9,4.9,0.0,13.0
2023-06-04,Miami,27.4,22.3,16.3,0.0,17.8
2023-06-05,Miami,29.3,20.7,2.1,0.0,22.2
2023-06-06,Miami,26.0,22.7,9.9,0.0,12.0
2023-06-07,Miami,28.5,23.1,13.1,0.0,14.8
2023-06-08,Miami,30.4,22.8,3.8,0.0,21.4
2023-06-09,Miami,28.1,23.4,10.2,0.0,14.6
2023-06-10,Miami,29.1,22.5,9.0,0.0,12.4
2023-06-11,Miami,28.2,23.4,4.9,0.0,20.9
2023-06-12,Miami,28.7,24.4,17.7,0.0,21.3
2023-06-13,Miami,30.0,24.6,3.5,0.0,18.9
2023-06-14,Miami,30.0,24.8,4.4,0.0,20.3
2023-06-15,Miami,30.8,23.1,0.2,0.0,19.0
2023-06-16,Miami,33.6,25.8,5.1,0.0,31.8
2023-06-17,Miami,30.6,23.2,22.6,0.0,15.5
2023-06-18,Miami,30.3,23.6,12.9,0.0,24.2
2023-06-19,Miami,31.3,23.0,4.5,0.0,15.9
2023-06-20,Miami,29.7,22.0,14.8,0.0,21.7
2023-06-21,Miami,29.5,22.9,10.7,0.0,18.0
2023-06-22,Miami,28.9,24.5,5.4,0.0,16.8
2023-06-23,Miami,28.9,25.3,5.5,0.0,14.1
2023-06-24,Miami,29.6,24.2,12.1,0.0,14.2
2023-06-25,Miami,29.6,24.4,23.8,0.0,15.0
2023-06-26,Miami,29.3,24.4,8.1,0.0,15.2
2023-06-27,Miami,31.0,23.3,5.2,0.0,11.5
2023-06-28,Miami,30.9,24.1,0.8,0.0,11.5
2023-06-29,Miami,31.0,24.7,20.1,0.0,12.1
2023-06-30,Miami,30.6,24.7,6.8,0.0,20.5
2023-07-01,Miami,30.4,25.6,14.1,0.0,10.7
2023-07-02,Miami,31.3,25.4,10.6,0.0,11.3
2023-07-03,Miami,31.4,24.9,3.6,0.0,10.2
2023-07-04,Miami,31.3,24.5,3.0,0.0,10.0
2023-07-05,Miami,32.0,25.6,0.8,0.0,12.3
2023-07-06,Miami,32.2,25.5,3.7,0.0,14.0
2023-07-07,Miami,31.9,25.4,4.1,0.0,13.9
2023-07-08,Miami,33.3,24.6,7.2,0.0,14.8
2023-07-09,Miami,32.0,24.6,1.4,0.0,19.9
2023-07-10,Miami,32.7,24.4,0.8,0.0,21.2
2023-07-11,Miami,33.1,25.2,0.4,0.0,15.1
2023-07-12,Miami,33.9,25.5,1.3,0.0,15.2
2023-07-13,Miami,33.2,24.7,12.1,0.0,13.2
2023-07-14,Miami,31.1,24.3,19.4,0.0,9.7
2023-07-15,Miami,32.0,25.6,1.1,0.0,14.9
2023-07-16,Miami,33.9,25.8,3.1,0.0,16.2
2023-07-17,Miami,32.7,25.5,6.5,0.0,16.1
2023-07-18,Miami,32.0,25.8,1.8,0.0,14.2
2023-07-19,Miami,30.1,26.6,2.9,0.0,19.7
2023-07-20,Miami,31.8,27.6,0.7,0.0,14.0
2023-07-21,Miami,32.3,26.1,6.8,0.0,13.7
2023-07-22,Miami,33.1,24.9,0.5,0.0,20.6
2023-07-23,Miami,33.9,25.9,2.3,0.0,19.8
2023-07-24,Miami,33.8,24.7,1.3,0.0,14.5
2023-07-25,Miami,34.3,24.4,0.0,0.0,19.0
2023-07-26,Miami,30.7,25.5,4.9,0.0,18.0
2023-07-27,Miami,30.0,24.0,17.9,0.0,17.6
2023-07-28,Miami,30.2,24.7,11.0,0.0,18.1
2023-07-29,Miami,31.9,27.0,0.3,0.0,12.5
2023-07-30,Miami,30.9,25.3,0.3,0.0,14.7
2023-07-31,Miami,33.6,24.7,9.2,0.0,22.8
2023-08-01,Miami,31.7,25.0,2.2,0.0,10.5
2023-08-02,Miami,32.3,24.3,3.4,0.0,15.0
2023-08-03,Miami,31.5,25.3,17.1,0.0,15.0
2023-08-04,Miami,31.6,25.6,28.3,0.0,17.3
2023-08-05,Miami,32.2,25.8,5.1,0.0,13.3
2023-08-06,Miami,32.9,26.8,4.4,0.0,15.7
2023-08-07,Miami,33.3,25.9,1.0,0.0,16.8
2023-08-08,Miami,32.4,26.2,9.6,0.0,14.9
2023-08-09,Miami,33.1,25.9,2.1,0.0,13.8
2023-08-10,Miami,34.5,26.5,4.0,0.0,15.2
2023-08-11,Miami,34.0,27.3,2.5,0.0,13.3
2023-08-12,Miami,31.8,28.1,1.7,0.0,24.3
2023-08-13,Miami,31.4,27.4,2.2,0.0,22.1
2023-08-14,Miami,33.2,28.6,1.8,0.0,16.9
2023-08-15,Miami,32.6,26.9,6.6,0.0,15.1
2023-08-16,Miami,32.1,24.6,4.0,0.0,21.4
2023-08-17,Miami,33.1,24.8,12.6,0.0,20.9
2023-08-18,Miami,30.9,25.2,8.9,0.0,14.1
2023-08-19,Miami,30.6,25.7,7.9,0.0,20.0
2023-08-20,Miami,31.4,24.8,14.7,0.0,26.0
2023-08-21,Miami,31.8,27.1,2.6,0.0,26.8
2023-08-22,Miami,32.0,27.8,0.5,0.0,26.0
2023-08-23,Miami,31.0,26.0,1.5,0.0,17.1
2023-08-24,Miami,33.0,26.3,2.4,0.0,23.7
2023-08-25,Miami,32.0,23.9,3.4,0.0,22.2
2023-08-26,Miami,31.7,23.9,3.2,0.0,19.9
2023-08-27,Miami,31.6,24.3,2.9,0.0,17.4
2023-08-28,Miami,32.3,26.2,9.9,0.0,19.4
2023-08-29,Miami,30.6,25.7,9.6,0.0,32.3
2023-08-30,Miami,32.2,27.0,3.5,0.0,34.8
2023-08-31,Miami,32.7,25.9,5.0,0.0,18.1
2023-09-01,Miami,32.9,25.0,3.8,0.0,16.0
2023-09-02,Miami,30.6,25.4,5.9,0.0,23.9
2023-09-03,Miami,31.1,26.1,0.2,0.0,24.1
2023-09-04,Miami,31.3,26.6,2.5,0.0,19.1
2023-09-05,Miami,31.2,26.7,0.1,0.0,15.6
2023-09-06,Miami,31.7,24.1,0.0,0.0,15.5
2023-09-07,Miami,31.1,23.8,1.2,0.0,16.4
2023-09-08,Miami,31.4,22.8,0.2,0.0,15.1
2023-09-09,Miami,30.3,23.6,1.9,0.0,12.4
2023-09-10,Miami,32.4,25.0,1.4,0.0,12.9
2023-09-11,Miami,31.8,26.0,1.8,0.0,11.3
2023-09-12,Miami,32.3,25.4,0.5,0.0,16.3
2023-09-13,Miami,33.1,25.5,7.6,0.0,19.9
2023-09-14,Miami,31.9,24.5,25.8,0.0,11.5
2023-09-15,Miami,31.8,24.0,4.2,0.0,10.9
2023-09-16,Miami,31.2,25.8,5.9,0.0,11.3
2023-09-17,Miami,31.3,25.4,1.9,0.0,15.2
2023-09-18,Miami,31.2,24.1,2.3,0.0,12.7
2023-09-19,Miami,30.0,24.6,7.0,0.0,19.5
2023-09-20,Miami,28.8,24.3,11.3,0.0,26.3
2023-09-21,Miami,29.2,23.1,18.4,0.0,11.3
2023-09-22,Miami,29.6,22.8,5.8,0.0,11.9
2023-09-23,Miami,28.8,22.9,9.8,0.0,20.3
2023-09-24,Miami,29.7,23.6,6.1,0.0,17.2
2023-09-25,Miami,29.0,24.3,11.5,0.0,25.1
2023-09-26,Miami,29.7,25.5,16.0,0.0,17.2
2023-09-27,Miami,28.2,24.7,16.6,0.0,17.1
2023-09-28,Miami,29.7,23.7,3.9,0.0,15.3
2023-09-29,Miami,30.9,25.2,7.3,0.0,19.4
2023-09-30,Miami,29.7,25.0,4.3,0.0,20.3
2023-10-01,Miami,29.7,24.0,14.0,0.0,17.0
2023-10-02,Miami,28.2,24.9,4.0,0.0,31.4
2023-10-03,Miami,29.2,25.6,1.2,0.0,26.9
2023-10-04,Miami,30.2,25.4,0.2,0.0,21.9
2023-10-05,Miami,31.0,24.6,0.8,0.0,10.9
2023-10-06,Miami,30.6,23.0,1.1,0.0,9.6
2023-10-07,Miami,31.0,23.0,2.6,0.0,12.0
2023-10-08,Miami,30.4,23.3,7.1,0.0,10.5
2023-10-09,Miami,28.5,22.6,12.3,0.0,14.6
2023-10-10,Miami,30.9,23.4,1.8,0.0,10.9
2023-10-11,Miami,29.3,26.1,5.8,0.0,25.7
2023-10-12,Miami,32.4,27.9,0.1,0.0,33.3
2023-10-13,Miami,33.2,26.8,1.0,0.0,19.1
2023-10-14,Miami,30.2,25.2,9.5,0.0,18.8
2023-10-15,Miami,31.4,22.5,0.0,0.0,23.2
2023-10-16,Miami,26.5,19.8,0.0,0.0,22.1
2023-10-17,Miami,24.1,15.0,0.0,0.0,22.1
2023-10-18,Miami,27.3,16.4,0.0,0.0,20.1
2023-10-19,Miami,28.5,20.4,0.4,0.0,18.1
2023-10-20,Miami,26.9,21.3,6.4,0.0,13.0
2023-10-21,Miami,29.4,18.8,0.0,0.0,17.4
2023-10-22,Miami,28.7,20.2,0.0,0.0,14.7
2023-10-23,Miami,29.1,19.5,0.0,0.0,18.6
2023-10-24,Miami,27.9,24.4,3.3,0.0,30.4
2023-10-25,Miami,29.4,23.7,1.5,0.0,31.8
2023-10-26,Miami,29.3,24.1,1.0,0.0,28.8
2023-10-27,Miami,28.5,25.5,1.1,0.0,30.3
2023-10-28,Miami,29.1,24.9,0.4,0.0,31.1
2023-10-29,Miami,28.2,25.3,1.8,0.0,29.2
2023-10-30,Miami,28.9,24.1,1.4,0.0,19.8
2023-10-31,Miami,31.1,22.4,2.0,0.0,13.1
2023-11-01,Miami,28.8,21.7,1.0,0.0,33.5
2023-11-02,Miami,26.7,22.3,5.1,0.0,37.2
2023-11-03,Miami,27.6,24.0,0.5,0.0,31.7
2023-11-04,Miami,27.6,23.1,0.6,0.0,23.8
2023-11-05,Miami,28.5,20.9,0.3,0.0,26.4
2023-11-06,Miami,28.4,17.3,0.3,0.0,21.0
2023-11-07,Miami,28.8,20.7,0.0,0.0,19.5
2023-11-08,Miami,28.5,23.1,0.5,0.0,19.1
2023-11-09,Miami,28.1,23.7,0.6,0.0,16.9
2023-11-10,Miami,29.5,25.0,1.6,0.0,17.9
2023-11-11,Miami,29.5,24.5,0.2,0.0,16.9
2023-11-12,Miami,29.4,24.9,0.0,0.0,14.9
2023-11-13,Miami,28.8,22.7,3.4,0.0,20.6
2023-11-14,Miami,28.3,23.3,3.0,0.0,30.5
2023-11-15,Miami,25.2,22.8,97.7,0.0,41.1
2023-11-16,Miami,27.9,21.8,136.2,0.0,49.1
2023-11-17,Miami,27.8,20.1,0.3,0.0,14.2
2023-11-18,Miami,26.0,19.6,0.7,0.0,21.7
2023-11-19,Miami,26.5,18.6,0.2,0.0,15.8
2023-11-20,Miami,26.9,19.3,0.4,0.0,18.6
2023-11-21,Miami,26.2,23.7,0.0,0.0,25.4
2023-11-22,Miami,27.3,22.7,0.0,0.0,18.0
2023-11-23,Miami,26.3,21.7,0.4,0.0,14.1
2023-11-24,Miami,25.3,20.6,5.4,0.0,10.9
2023-11-25,Miami,26.2,21.2,3.0,0.0,12.9
2023-11-26,Miami,27.3,23.9,0.9,0.0,22.2
2023-11-27,Miami,26.3,19.4,0.0,0.0,18.6
2023-11-28,Miami,23.5,15.4,0.0,0.0,23.8
2023-11-29,Miami,23.5,14.4,0.0,0.0,22.0
2023-11-30,Miami,25.1,16.8,0.0,0.0,19.8
2023-12-01,Miami,27.5,23.2,1.0,0.0,18.0
2023-12-02,Miami,27.9,24.4,0.7,0.0,21.7
2023-12-03,Miami,27.9,23.7,1.9,0.0,19.1
2023-12-04,Miami,28.8,21.2,0.0,0.0,8.9
2023-12-05,Miami,27.4,19.5,0.0,0.0,16.5
2023-12-06,Miami,21.6,13.9,0.0,0.0,21.5
2023-12-07,Miami,23.6,13.0,0.0,0.0,18.7
2023-12-08,Miami,25.2,21.2,0.1,0.0,24.4
2023-12-09,Miami,26.7,23.0,0.1,0.0,24.7
2023-12-10,Miami,27.2,21.6,3.4,0.0,26.1
2023-12-11,Miami,23.0,15.9,0.1,0.0,23.2
2023-12-12,Miami,25.6,16.1,0.1,0.0,26.1
2023-12-13,Miami,23.9,21.8,101.1,0.0,33.2
2023-12-14,Miami,23.6,21.0,21.5,0.0,41.2
2023-12-15,Miami,23.3,21.5,6.5,0.0,40.4
2023-12-16,Miami,23.8,20.2,46.2,0.0,38.8
2023-12-17,Miami,25.5,18.0,35.4,0.0,45.8
2023-12-18,Miami,22.7,14.3,0.0,0.0,20.6
2023-12-19,Miami,21.1,11.5,0.0,0.0,25.6
2023-12-20,Miami,21.7,16.7,0.0,0.0,27.7
2023-12-21,Miami,23.0,19.9,0.0,0.0,28.0
2023-12-22,Miami,23.1,19.3,0.3,0.0,21.4
2023-12-23,Miami,23.9,18.9,1.7,0.0,23.2
2023-12-24,Miami,23.9,21.3,1.2,0.0,28.1
2023-12-25,Miami,24.5,21.4,13.4,0.0,30.1
2023-12-26,Miami,26.1,20.4,11.0,0.0,27.3
2023-12-27,Miami,24.0,17.5,0.0,0.0,12.6
2023-12-28,Miami,19.6,16.1,18.2,0.0,24.3
2023-12-29,Miami,21.3,15.3,0.0,0.0,19.0
2023-12-30,Miami,18.1,13.3,0.0,0.0,15.3
2023-12-31,Miami,19.9,11.1,0.0,0.0,8.1
2024-01-01,Miami,21.3,11.0,0.0,0.0,11.3
2024-01-02,Miami,21.0,12.6,0.0,0.0,15.4
2024-01-03,Miami,21.8,12.4,0.0,0.0,21.3
2024-01-04,Miami,24.5,17.0,0.4,0.0,22.4
2024-01-05,Miami,24.0,17.1,1.6,0.0,24.7
2024-01-06,Miami,25.5,21.4,20.1,0.0,30.1
2024-01-07,Miami,23.7,16.8,5.6,0.0,22.7
2024-01-08,Miami,24.0,16.7,0.0,0.0,32.7
2024-01-09,Miami,26.1,22.9,0.6,0.0,41.5
2024-01-10,Miami,24.9,17.2,3.6,0.0,29.8
2024-01-11,Miami,22.5,18.5,20.8,0.0,20.1
2024-01-12,Miami,27.2,21.8,6.5,0.0,24.3
2024-01-13,Miami,27.6,18.9,1.8,0.0,28.8
2024-01-14,Miami,23.8,18.6,6.6,0.0,25.5
2024-01-15,Miami,26.5,21.9,1.8,0.0,24.2
2024-01-16,Miami,26.4,22.0,6.2,0.0,24.0
2024-01-17,Miami,22.5,18.3,0.0,0.0,23.9
2024-01-18,Miami,25.6,21.5,2.8,0.0,19.1
2024-01-19,Miami,25.6,20.0,8.6,0.0,15.1
2024-01-20,Miami,21.8,14.0,0.3,0.0,23.3
2024-01-21,Miami,21.0,11.1,0.0,0.0,30.2
2024-01-22,Miami,22.2,18.7,0.1,0.0,32.1
2024-01-23,Miami,24.8,21.7,0.0,0.0,30.4
2024-01-24,Miami,25.6,23.0,0.3,0.0,27.3
2024-01-25,Miami,25.6,22.4,0.1,0.0,23.5
2024-01-26,Miami,26.0,22.9,0.0,0.0,17.3
2024-01-27,Miami,26.1,22.4,2.0,0.0,29.3
2024-01-28,Miami,28.0,18.4,1.5,0.0,24.6
2024-01-29,Miami,18.6,12.0,0.0,0.0,25.9
2024-01-30,Miami,21.0,10.4,0.0,0.0,17.8
2024-01-31,Miami,22.1,10.4,0.0,0.0,20.3
2024-02-01,Miami,22.8,12.0,0.0,0.0,16.1
2024-02-02,Miami,23.6,14.8,0.0,0.0,14.6
2024-02-03,Miami,23.3,12.9,0.0,0.0,14.9
2024-02-04,Miami,23.7,17.9,10.2,0.0,28.6
2024-02-05,Miami,19.8,14.7,7.5,0.0,20.9
2024-02-06,Miami,20.7,12.2,0.0,0.0,30.9
2024-02-07,Miami,23.4,12.7,0.0,0.0,28.1
2024-02-08,Miami,23.2,15.1,0.2,0.0,19.8
2024-02-09,Miami,23.9,19.6,0.2,0.0,20.1
2024-02-10,Miami,24.5,20.4,0.1,0.0,20.7
2024-02-11,Miami,25.5,21.9,1.0,0.0,27.2
2024-02-12,Miami,27.2,22.1,0.1,0.0,30.4
2024-02-13,Miami,27.4,18.2,1.4,0.0,21.7
2024-02-14,Miami,25.3,13.9,0.1,0.0,19.0
2024-02-15,Miami,24.2,19.9,0.0,0.0,18.3
2024-02-16,Miami,25.6,17.3,0.0,0.0,19.9
2024-02-17,Miami,27.1,18.1,3.4,0.0,23.7
2024-02-18,Miami,23.3,19.2,33.9,0.0,21.6
2024-02-19,Miami,21.5,15.0,11.3,0.0,27.7
2024-02-20,Miami,20.5,10.7,0.0,0.0,16.3
2024-02-21,Miami,21.5,11.0,0.0,0.0,19.6
2024-02-22,Miami,22.3,11.4,0.2,0.0,17.5
2024-02-23,Miami,24.3,13.0,0.0,0.0,25.5
2024-02-24,Miami,24.0,16.1,1.9,0.0,23.0
2024-02-25,Miami,22.8,10.7,0.0,0.0,18.4
2024-02-26,Miami,23.5,10.7,0.0,0.0,15.9
2024-02-27,Miami,24.5,16.7,0.0,0.0,21.0
2024-02-28,Miami,25.5,21.7,0.0,0.0,21.7
2024-02-29,Miami,26.4,18.5,0.0,0.0,15.6
2024-03-01,Miami,25.1,21.3,2.0,0.0,28.0
2024-03-02,Miami,25.9,21.8,0.9,0.0,21.3
2024-03-03,Miami,26.6,20.2,14.1,0.0,21.8
2024-03-04,Miami,26.6,19.4,0.9,0.0,17.0
2024-03-05,Miami,27.3,21.6,0.0,0.0,17.3
2024-03-06,Miami,25.9,20.4,9.9,0.0,22.8
2024-03-07,Miami,25.8,20.3,11.6,0.0,19.4
2024-03-08,Miami,27.8,21.5,0.8,0.0,17.7
2024-03-09,Miami,27.5,23.8,0.5,0.0,26.7
2024-03-10,Miami,30.9,22.3,0.8,0.0,25.8
2024-03-11,Miami,25.1,17.5,0.0,0.0,21.6
2024-03-12,Miami,25.6,20.1,0.0,0.0,15.0
2024-03-13,Miami,27.0,19.4,0.0,0.0,16.3
2024-03-14,Miami,27.2,20.1,0.0,0.0,17.6
2024-03-15,Miami,27.8,22.3,0.0,0.0,20.6
2024-03-16,Miami,28.7,22.6,1.6,0.0,25.4
2024-03-17,Miami,28.4,22.7,3.0,0.0,26.3
2024-03-18,Miami,30.6,22.3,1.1,0.0,25.0
2024-03-19,Miami,25.0,19.4,0.2,0.0,27.5
2024-03-20,Miami,25.1,15.7,0.0,0.0,18.4
2024-03-21,Miami,26.4,20.2,0.8,0.0,23.9
2024-03-22,Miami,24.5,21.8,45.2,0.0,32.8
2024-03-23,Miami,24.2,20.8,72.8,0.0,34.7
2024-03-24,Miami,25.1,16.0,1.1,0.0,23.4
2024-03-25,Miami,25.1,22.1,1.2,0.0,29.5
2024-03-26,Miami,26.4,22.3,0.5,0.0,26.2
2024-03-27,Miami,26.7,22.8,1.5,0.0,22.8
2024-03-28,Miami,30.2,20.5,3.9,0.0,36.2
2024-03-29,Miami,24.8,17.3,0.3,0.0,23.9
2024-03-30,Miami,24.6,18.6,0.0,0.0,20.1
2024-03-31,Miami,24.8,19.3,0.0,0.0,15.5
2024-04-01,Miami,26.6,21.3,0.0,0.0,17.8
2024-04-02,Miami,27.5,22.1,0.3,0.0,20.7
2024-04-03,Miami,29.8,23.7,0.6,0.0,34.6
2024-04-04,Miami,26.9,20.6,6.3,0.0,27.2
2024-04-05,Miami,26.0,15.9,0.0,0.0,18.2
2024-04-06,Miami,27.7,14.5,0.0,0.0,18.1
2024-04-07,Miami,26.4,17.2,0.0,0.0,20.0
2024-04-08,Miami,25.8,20.3,0.1,0.0,26.8
2024-04-09,Miami,25.7,22.0,1.1,0.0,27.7
2024-04-10,Miami,27.2,23.2,0.6,0.0,26.3
2024-04-11,Miami,28.9,24.1,1.6,0.0,35.9
2024-04-12,Miami,27.4,19.1,0.4,0.0,20.6
2024-04-13,Miami,26.2,16.5,0.0,0.0,25.2
2024-04-14,Miami,25.4,19.1,0.0,0.0,21.2
2024-04-15,Miami,26.3,19.0,0.0,0.0,19.6
2024-04-16,Miami,27.4,22.1,0.0,0.0,28.5
2024-04-17,Miami,26.8,22.2,0.2,0.0,24.2
2024-04-18,Miami,28.1,21.7,0.0,0.0,16.4
2024-04-19,Miami,27.8,20.2,0.0,0.0,17.3
2024-04-20,Miami,28.2,21.1,0.0,0.0,18.6
2024-04-21,Miami,28.1,22.7,0.0,0.0,24.3
2024-04-22,Miami,29.1,20.8,12.8,0.0,24.3
2024-04-23,Miami,25.9,20.9,0.5,0.0,26.3
2024-04-24,Miami,26.9,20.1,0.0,0.0,22.8
2024-04-25,Miami,27.5,18.6,0.0,0.0,19.1
2024-04-26,Miami,26.9,21.0,0.1,0.0,24.1
2024-04-27,Miami,26.6,23.2,1.1,0.0,33.5
2024-04-28,Miami,26.1,22.6,0.8,0.0,30.2
2024-04-29,Miami,27.5,23.0,0.2,0.0,27.6
2024-04-30,Miami,26.6,21.4,15.0,0.0,19.9
2024-05-01,Miami,27.1,21.9,0.9,0.0,14.5
2024-05-02,Miami,27.7,22.8,0.6,0.0,19.9
2024-05-03,Miami,28.7,23.4,0.9,0.0,21.5
2024-05-04,Miami,28.5,22.9,1.6,0.0,22.0
2024-05-05,Miami,28.3,23.8,1.1,0.0,23.6
2024-05-06,Miami,28.6,23.6,1.1,0.0,23.6
2024-05-07,Miami,29.3,24.0,0.9,0.0,18.5
2024-05-08,Miami,29.8,24.6,0.0,0.0,18.4
2024-05-09,Miami,29.4,25.1,0.2,0.0,22.4
2024-05-10,Miami,31.7,23.6,0.0,0.0,31.6
2024-05-11,Miami,33.8,22.7,6.2,0.0,20.8
2024-05-12,Miami,31.4,23.8,2.0,0.0,23.2
2024-05-13,Miami,30.2,25.3,0.9,0.0,24.1
2024-05-14,Miami,31.1,27.1,0.2,0.0,28.1
2024-05-15,Miami,33.9,25.6,5.5,0.0,27.1
2024-05-16,Miami,36.2,25.9,0.8,0.0,24.3
2024-05-17,Miami,32.4,24.0,9.0,0.0,19.6
2024-05-18,Miami,32.1,27.0,0.0,0.0,23.6
2024-05-19,Miami,33.0,24.5,16.6,0.0,23.8
2024-05-20,Miami,33.5,23.5,4.4,0.0,23.2
2024-05-21,Miami,31.3,22.7,4.0,0.0,16.2
2024-05-22,Miami,30.4,22.1,1.3,0.0,17.7
2024-05-23,Miami,30.5,22.7,0.1,0.0,22.0
2024-05-24,Miami,31.4,22.4,0.0,0.0,19.8
2024-05-25,Miami,32.6,24.1,0.4,0.0,19.5
2024-05-26,Miami,33.0,25.6,0.5,0.0,25.6
2024-05-27,Miami,32.4,25.2,0.4,0.0,17.1
2024-05-28,Miami,32.2,26.7,3.1,0.0,19.2
2024-05-29,Miami,33.0,23.7,11.9,0.0,24.8
2024-05-30,Miami,31.2,23.3,1.1,0.0,14.5
2024-05-31,Miami,31.0,25.6,0.2,0.0,28.4
2024-06-01,Miami,29.9,26.3,1.1,0.0,28.5
2024-06-02,Miami,28.6,24.5,5.3,0.0,21.3
2024-06-03,Miami,30.7,25.0,0.7,0.0,19.4
2024-06-04,Miami,30.9,22.8,0.0,0.0,16.9
2024-06-05,Miami,30.5,24.3,1.0,0.0,20.8
2024-06-06,Miami,31.6,26.6,1.5,0.0,16.9
2024-06-07,Miami,31.8,24.6,5.8,0.0,17.2
2024-06-08,Miami,31.8,24.9,9.4,0.0,21.7
2024-06-09,Miami,31.3,24.6,7.2,0.0,17.6
2024-06-10,Miami,31.3,24.7,4.3,0.0,21.9
2024-06-11,Miami,27.8,25.0,54.3,0.0,26.7
2024-06-12,Miami,28.9,24.9,91.7,0.0,30.7
2024-06-13,Miami,29.3,25.8,40.8,0.0,26.3
2024-06-14,Miami,28.1,24.1,31.5,0.0,22.7
2024-06-15,Miami,26.4,24.4,16.7,0.0,11.0
2024-06-16,Miami,29.7,23.9,1.4,0.0,18.5
2024-06-17,Miami,29.3,25.6,1.7,0.0,28.6
2024-06-18,Miami,29.7,26.5,0.0,0.0,24.0
2024-06-19,Miami,29.5,25.6,3.5,0.0,27.8
2024-06-20,Miami,29.3,25.5,0.8,0.0,26.7
2024-06-21,Miami,30.6,23.5,6.4,0.0,17.9
2024-06-22,Miami,29.4,25.2,10.2,0.0,17.4
2024-06-23,Miami,28.9,24.0,8.0,0.0,16.1
2024-06-24,Miami,29.2,24.3,17.5,0.0,18.3
2024-06-25,Miami,29.6,23.7,28.0,0.0,15.4
2024-06-26,Miami,29.5,24.2,6.3,0.0,19.5
2024-06-27,Miami,30.7,24.3,4.9,0.0,18.2
2024-06-28,Miami,30.8,24.2,3.1,0.0,11.4
2024-06-29,Miami,29.7,25.6,1.8,0.0,19.2
2024-06-30,Miami,28.6,24.9,9.2,0.0,15.9
2024-07-01,Miami,29.1,24.1,11.4,0.0,15.1
2024-07-02,Miami,30.9,25.3,2.0,0.0,17.2
2024-07-03,Miami,30.4,26.9,4.7,0.0,16.3
2024-07-04,Miami,30.8,26.9,1.0,0.0,18.6
2024-07-05,Miami,31.4,24.9,3.2,0.0,13.0
2024-07-06,Miami,30.8,24.9,1.6,0.0,10.3
2024-07-07,Miami,31.1,26.6,2.5,0.0,14.7
2024-07-08,Miami,31.6,27.5,0.5,0.0,16.8
2024-07-09,Miami,31.9,25.9,0.5,0.0,16.8
2024-07-10,Miami,32.0,26.0,3.3,0.0,9.9
2024-07-11,Miami,30.0,26.1,1.9,0.0,15.4
2024-07-12,Miami,30.4,24.6,5.6,0.0,17.0
2024-07-13,Miami,29.9,24.6,6.8,0.0,18.1
2024-07-14,Miami,31.3,25.7,0.9,0.0,21.0
2024-07-15,Miami,29.9,25.8,2.8,0.0,16.6
2024-07-16,Miami,32.0,26.2,0.2,0.0,15.8
2024-07-17,Miami,31.3,26.9,2.1,0.0,15.3
2024-07-18,Miami,32.3,27.4,0.9,0.0,17.2
2024-07-19,Miami,31.7,27.2,0.5,0.0,16.5
2024-07-20,Miami,32.5,24.9,5.3,0.0,20.2
2024-07-21,Miami,31.6,24.8,5.5,0.0,24.8
2024-07-22,Miami,29.3,25.7,3.4,0.0,15.5
2024-07-23,Miami,30.4,25.9,3.7,0.0,17.8
2024-07-24,Miami,31.6,27.3,1.8,0.0,22.1
2024-07-25,Miami,31.6,27.3,0.0,0.0,19.8
2024-07-26,Miami,31.2,25.8,0.1,0.0,17.0
2024-07-27,Miami,31.9,24.7,0.4,0.0,15.0
2024-07-28,Miami,32.3,24.2,6.4,0.0,25.0
2024-07-29,Miami,31.3,24.6,6.4,0.0,9.9
2024-07-30,Miami,30.8,24.6,2.7,0.0,14.3
2024-07-31,Miami,32.1,27.0,0.0,0.0,15.5
2024-08-01,Miami,31.1,27.9,2.6,0.0,16.4
2024-08-02,Miami,32.5,25.9,8.8,0.0,22.4
2024-08-03,Miami,29.9,25.9,39.4,0.0,34.9
2024-08-04,Miami,29.3,26.1,19.9,0.0,38.1
2024-08-05,Miami,32.1,27.6,1.1,0.0,29.3
2024-08-06,Miami,30.8,25.7,8.5,0.0,24.5
2024-08-07,Miami,31.3,26.0,3.0,0.0,18.4
2024-08-08,Miami,32.4,25.5,1.9,0.0,19.8
2024-08-09,Miami,31.1,26.1,8.1,0.0,19.1
2024-08-10,Miami,31.6,24.9,0.4,0.0,12.6
2024-08-11,Miami,31.9,24.1,0.2,0.0,13.7
2024-08-12,Miami,32.3,24.9,0.2,0.0,13.1
2024-08-13,Miami,31.2,26.9,1.0,0.0,11.5
2024-08-14,Miami,32.2,26.0,2.4,0.0,13.6
2024-08-15,Miami,32.0,25.1,7.2,0.0,12.3
2024-08-16,Miami,29.9,26.1,3.8,0.0,17.2
2024-08-17,Miami,31.2,25.6,4.2,0.0,15.9
2024-08-18,Miami,29.5,25.6,7.2,0.0,12.4
2024-08-19,Miami,31.1,25.5,17.4,0.0,16.1
2024-08-20,Miami,31.3,26.4,3.6,0.0,23.1
2024-08-21,Miami,32.4,26.1,2.9,0.0,15.0
2024-08-22,Miami,30.1,25.0,7.5,0.0,12.1
2024-08-23,Miami,30.6,25.7,3.9,0.0,18.4
2024-08-24,Miami,30.2,26.5,1.6,0.0,19.2
2024-08-25,Miami,31.0,26.6,5.0,0.0,14.6
2024-08-26,Miami,31.9,26.6,1.6,0.0,17.9
2024-08-27,Miami,32.0,25.6,20.0,0.0,24.5
2024-08-28,Miami,29.5,25.5,7.1,0.0,20.0
2024-08-29,Miami,30.5,24.4,12.6,0.0,23.5
2024-08-30,Miami,29.5,25.1,8.3,0.0,24.3
2024-08-31,Miami,27.9,24.6,6.5,0.0,18.4
2024-09-01,Miami,28.2,25.0,21.6,0.0,24.5
2024-09-02,Miami,28.3,26.4,4.6,0.0,19.8
2024-09-03,Miami,29.2,24.9,10.6,0.0,18.7
2024-09-04,Miami,30.7,26.4,1.3,0.0,19.8
2024-09-05,Miami,31.2,27.9,0.7,0.0,19.9
2024-09-06,Miami,31.1,26.5,0.8,0.0,18.3
2024-09-07,Miami,31.6,25.8,0.4,0.0,18.0
2024-09-08,Miami,31.6,27.3,0.3,0.0,18.2
2024-09-09,Miami,31.7,26.0,2.8,0.0,18.2
2024-09-10,Miami,30.9,25.7,5.5,0.0,13.7
2024-09-11,Miami,30.5,25.2,17.0,0.0,16.2
2024-09-12,Miami,31.2,26.0,7.5,0.0,15.0
2024-09-13,Miami,31.7,25.9,5.7,0.0,13.4
2024-09-14,Miami,31.8,25.1,3.7,0.0,17.9
2024-09-15,Miami,31.3,24.6,12.2,0.0,13.1
2024-09-16,Miami,31.3,24.9,7.2,0.0,13.8
2024-09-17,Miami,30.4,24.3,26.7,0.0,12.1
2024-09-18,Miami,31.4,25.1,6.6,0.0,12.5
2024-09-19,Miami,29.9,23.9,18.0,0.0,11.6
2024-09-20,Miami,29.9,22.8,0.5,0.0,14.0
2024-09-21,Miami,30.4,22.6,1.2,0.0,14.8
2024-09-22,Miami,30.7,23.3,0.6,0.0,12.4
2024-09-23,Miami,30.4,24.4,1.2,0.0,16.7
2024-09-24,Miami,31.3,27.5,1.0,0.0,22.2
2024-09-25,Miami,30.8,25.6,15.1,0.0,26.1
2024-09-26,Miami,31.2,26.4,9.1,0.0,47.7
2024-09-27,Miami,31.0,27.0,4.6,0.0,40.3
2024-09-28,Miami,31.1,26.7,1.4,0.0,21.1
2024-09-29,Miami,31.2,25.4,0.2,0.0,14.7
2024-09-30,Miami,31.5,25.5,1.3,0.0,16.2
2024-10-01,Miami,30.6,24.9,0.2,0.0,14.1
2024-10-02,Miami,31.1,23.4,0.0,0.0,11.5
2024-10-03,Miami,30.5,24.6,0.0,0.0,12.9
2024-10-04,Miami,28.9,25.9,10.1,0.0,16.9
2024-10-05,Miami,27.3,25.2,22.0,0.0,14.3
2024-10-06,Miami,27.5,24.7,44.3,0.0,18.2
2024-10-07,Miami,27.9,24.3,30.5,0.0,18.9
2024-10-08,Miami,28.6,23.4,27.0,0.0,11.8
2024-10-09,Miami,30.0,24.2,13.8,0.0,42.7
2024-10-10,Miami,30.6,24.5,0.4,0.0,37.5
2024-10-11,Miami,28.3,22.9,2.9,0.0,25.9
2024-10-12,Miami,27.5,24.5,4.2,0.0,20.3
2024-10-13,Miami,28.0,22.9,40.8,0.0,17.9
2024-10-14,Miami,29.3,23.1,1.7,0.0,15.5
2024-10-15,Miami,29.0,23.0,0.5,0.0,10.5
2024-10-16,Miami,27.7,21.9,2.0,0.0,26.0
2024-10-17,Miami,26.8,21.6,0.9,0.0,34.8
2024-10-18,Miami,26.6,24.4,10.6,0.0,34.5
2024-10-19,Miami,28.0,25.7,1.5,0.0,36.3
2024-10-20,Miami,28.1,23.5,2.8,0.0,29.1
2024-10-21,Miami,28.4,23.2,2.2,0.0,26.2
2024-10-22,Miami,28.1,24.1,5.8,0.0,31.2
2024-10-23,Miami,29.2,23.3,0.2,0.0,21.7
2024-10-24,Miami,27.8,22.4,0.2,0.0,17.0
2024-10-25,Miami,28.4,24.0,0.3,0.0,20.5
2024-10-26,Miami,28.1,23.5,1.5,0.0,20.0
2024-10-27,Miami,27.5,23.4,0.0,0.0,24.1
2024-10-28,Miami,26.5,24.5,2.2,0.0,26.3
2024-10-29,Miami,29.5,25.6,0.4,0.0,28.9
2024-10-30,Miami,28.8,23.2,2.5,0.0,32.6
2024-10-31,Miami,27.9,24.8,0.1,0.0,30.2
2024-11-01,Miami,28.2,25.1,1.3,0.0,24.3
2024-11-02,Miami,27.9,23.7,3.8,0.0,24.1
2024-11-03,Miami,28.5,24.4,2.0,0.0,29.2
2024-11-04,Miami,28.4,24.9,1.4,0.0,31.3
2024-11-05,Miami,28.2,26.0,14.5,0.0,38.0
2024-11-06,Miami,28.9,25.9,2.0,0.0,33.2
2024-11-07,Miami,28.0,26.0,3.8,0.0,31.7
2024-11-08,Miami,28.5,25.1,1.1,0.0,25.4
2024-11-09,Miami,28.1,24.6,0.6,0.0,22.6
2024-11-10,Miami,28.3,25.0,1.5,0.0,27.1
2024-11-11,Miami,29.2,23.0,0.5,0.0,15.2
2024-11-12,Miami,29.4,24.6,0.1,0.0,19.2
2024-11-13,Miami,28.9,25.1,1.8,0.0,27.5
2024-11-14,Miami,27.1,24.4,0.1,0.0,25.5
2024-11-15,Miami,30.2,21.0,0.2,0.0,18.4
2024-11-16,Miami,26.6,19.9,0.0,0.0,19.4
2024-11-17,Miami,27.4,23.1,0.0,0.0,19.6
2024-11-18,Miami,27.2,23.4,0.0,0.0,16.8
2024-11-19,Miami,28.0,24.3,0.0,0.0,18.0
2024-11-20,Miami,28.3,23.9,10.7,0.0,22.2
2024-11-21,Miami,25.5,17.4,0.3,0.0,18.0
2024-11-22,Miami,22.7,13.6,0.0,0.0,18.5
2024-11-23,Miami,22.5,13.3,0.0,0.0,13.2
2024-11-24,Miami,24.7,14.3,0.0,0.0,12.2
2024-11-25,Miami,26.7,17.8,0.0,0.0,15.8
2024-11-26,Miami,28.3,18.8,0.0,0.0,12.9
2024-11-27,Miami,27.0,21.1,0.0,0.0,11.8
2024-11-28,Miami,28.2,20.7,0.0,0.0,11.8
2024-11-29,Miami,28.2,18.5,1.6,0.0,10.6
2024-11-30,Miami,25.6,18.9,0.4,0.0,16.2
2024-12-01,Miami,24.1,17.6,0.0,0.0,17.0
2024-12-02,Miami,23.7,13.6,0.0,0.0,20.7
2024-12-03,Miami,22.4,13.9,0.0,0.0,20.5
2024-12-04,Miami,22.6,12.4,0.0,0.0,18.8
2024-12-05,Miami,25.3,15.5,0.0,0.0,11.6
2024-12-06,Miami,26.9,15.9,0.0,0.0,10.6
2024-12-07,Miami,24.1,15.6,0.0,0.0,22.8
2024-12-08,Miami,24.6,19.7,0.0,0.0,16.6
2024-12-09,Miami,25.4,21.8,0.0,0.0,16.7
2024-12-10,Miami,26.4,22.8,0.1,0.0,17.2
2024-12-11,Miami,27.8,21.1,1.8,0.0,19.3
2024-12-12,Miami,22.5,14.3,0.0,0.0,28.3
2024-12-13,Miami,24.5,21.5,0.2,0.0,28.1
2024-12-14,Miami,25.0,22.6,2.0,0.0,26.8
2024-12-15,Miami,25.2,22.4,3.5,0.0,28.2
2024-12-16,Miami,26.1,22.1,7.2,0.0,26.0
2024-12-17,Miami,26.1,22.5,4.0,0.0,20.5
2024-12-18,Miami,25.7,22.1,1.9,0.0,15.4
2024-12-19,Miami,25.8,20.8,0.0,0.0,12.6
2024-12-20,Miami,26.2,19.1,0.0,0.0,14.9
2024-12-21,Miami,20.8,12.1,0.0,0.0,16.1
2024-12-22,Miami,23.5,12.5,0.0,0.0,16.3
2024-12-23,Miami,25.3,16.6,0.0,0.0,16.6
2024-12-24,Miami,24.6,19.2,0.0,0.0,16.5
2024-12-25,Miami,24.4,20.5,1.2,0.0,17.4
2024-12-26,Miami,26.3,22.1,0.1,0.0,13.6
2024-12-27,Miami,25.1,23.6,2.8,0.0,19.4
2024-12-28,Miami,24.6,23.1,2.3,0.0,23.9
2024-12-29,Miami,23.7,21.7,61.7,0.0,30.5
2024-12-30,Miami,26.0,20.6,6.8,0.0,12.3
2024-12-31,Miami,25.8,21.3,1.3,0.0,14.7
2023-01-01,New York,12.0,5.0,2.1,0.0,17.4
2023-01-02,New York,12.9,4.6,0.5,0.0,9.0
2023-01-03,New York,12.9,6.3,9.5,0.0,19.4
2023-01-04,New York,18.0,9.6,2.3,0.0,18.2
2023-01-05,New York,13.2,7.5,0.0,0.0,12.1
2023-01-06,New York,8.7,3.3,9.6,0.0,16.3
2023-01-07,New York,8.3,0.5,0.0,0.0,20.2
2023-01-08,New York,4.3,-2.3,0.0,0.0,13.7
2023-01-09,New York,7.3,0.8,1.5,0.21,17.9
2023-01-10,New York,6.3,0.1,0.0,0.0,14.6
2023-01-11,New York,3.9,-1.2,0.0,0.0,13.8
2023-01-12,New York,9.8,-0.6,11.9,0.0,21.0
2023-01-13,New York,12.7,3.1,1.6,0.0,27.1
2023-01-14,New York,2.9,-0.5,0.0,0.0,26.3
2023-01-15,New York,5.2,-1.7,0.0,0.0,33.8
2023-01-16,New York,8.2,-2.4,0.0,0.0,26.3
2023-01-17,New York,7.5,-2.0,1.4,0.0,13.3
2023-01-18,New York,10.8,3.0,1.7,0.0,25.5
2023-01-19,New York,5.7,2.4,23.5,0.0,16.3
2023-01-20,New York,9.0,1.9,0.6,0.0,30.7
2023-01-21,New York,6.2,-1.9,0.2,0.0,19.9
2023-01-22,New York,5.6,-3.4,5.4,0.0,15.8
2023-01-23,New York,3.1,1.3,16.9,0.28,25.0
2023-01-24,New York,7.8,-1.1,0.0,0.0,27.7
2023-01-25,New York,10.6,-2.4,20.0,0.42,44.7
2023-01-26,New York,11.9,3.0,14.5,0.0,36.0
2023-01-27,New York,6.2,-1.6,0.0,0.0,19.2
2023-01-28,New York,10.9,-0.8,0.0,0.0,23.8
2023-01-29,New York,10.5,0.2,0.0,0.0,22.5
2023-01-30,New York,11.7,2.5,0.0,0.0,13.2
2023-01-31,New York,6.5,0.5,2.5,0.42,19.1
2023-02-01,New York,3.2,-3.3,1.6,1.12,16.5
2023-02-02,New York,4.1,-4.4,0.0,0.0,19.1
2023-02-03,New York,0.3,-10.7,0.0,0.0,42.2
2023-02-04,New York,-3.9,-16.5,0.0,0.0,39.8
2023-02-05,New York,9.2,-4.7,0.0,0.0,19.1
2023-02-06,New York,10.2,-1.0,0.0,0.0,29.2
2023-02-07,New York,3.7,-4.1,2.6,0.14,21.6
2023-02-08,New York,10.5,1.2,0.7,0.0,22.5
2023-02-09,New York,11.2,-1.8,0.0,0.0,20.9
2023-02-10,New York,14.1,6.0,0.0,0.0,28.1
2023-02-11,New York,6.8,0.5,0.0,0.0,23.5
2023-02-12,New York,6.9,-0.6,0.8,0.42,18.7
2023-02-13,New York,13.4,2.5,1.8,0.35,23.9
2023-02-14,New York,11.4,2.6,0.0,0.0,23.2
2023-02-15,New York,17.0,3.1,0.0,0.0,26.9
2023-02-16,New York,19.3,9.3,2.9,0.0,17.6
2023-02-17,New York,15.4,0.4,8.1,0.0,33.8
2023-02-18,New York,5.8,-2.7,0.0,0.0,28.9
2023-02-19,New York,8.2,-0.4,0.0,0.0,29.8
2023-02-20,New York,15.4,5.6,0.0,0.0,25.3
2023-02-21,New York,8.4,2.0,7.1,0.42,17.8
2023-02-22,New York,5.6,-0.8,4.4,0.28,15.0
2023-02-23,New York,7.8,2.7,0.6,0.0,16.1
2023-02-24,New York,7.5,-2.1,0.0,0.0,35.3
2023-02-25,New York,0.3,-5.6,0.7,0.49,19.8
2023-02-26,New York,10.2,-3.8,0.0,0.0,34.7
2023-02-27,New York,5.0,-2.2,3.8,2.59,23.7
2023-02-28,New York,2.2,-0.6,13.1,7.28,24.8
2023-03-01,New York,5.9,-2.5,3.4,1.75,22.0
2023-03-02,New York,13.8,2.3,1.5,0.0,23.2
2023-03-03,New York,7.5,-1.6,2.8,0.0,30.4
2023-03-04,New York,7.2,3.3,41.8,0.0,38.4
2023-03-05,New York,12.3,-0.4,0.0,0.0,27.4
2023-03-06,New York,10.2,1.4,0.0,0.0,23.1
2023-03-07,New York,7.5,1.2,2.7,1.75,36.3
2023-03-08,New York,9.5,-2.1,0.0,0.0,34.6
2023-03-09,New York,10.5,-0.5,0.0,0.0,22.3
2023-03-10,New York,7.5,-1.3,7.3,0.0,16.8
2023-03-11,New York,7.0,1.8,13.1,1.33,25.8
2023-03-12,New York,7.9,-1.1,0.0,0.0,19.2
2023-03-13,New York,5.9,3.7,16.7,0.0,20.5
2023-03-14,New York,3.4,1.2,12.2,2.94,44.3
2023-03-15,New York,7.1,0.9,0.0,0.0,38.7
2023-03-16,New York,13.4,-1.3,0.0,0.0,19.9
2023-03-17,New York,14.4,2.5,0.0,0.0,22.2
2023-03-18,New York,11.1,3.1,0.7,0.0,26.1
2023-03-19,New York,3.8,-2.8,0.0,0.0,27.3
2023-03-20,New York,10.7,-3.3,0.0,0.0,17.8
2023-03-21,New York,15.8,-1.0,0.0,0.0,20.1
2023-03-22,New York,13.3,2.4,0.0,0.0,23.1
2023-03-23,New York,15.0,5.3,2.8,0.0,24.5
2023-03-24,New York,13.1,5.7,0.2,0.0,19.1
2023-03-25,New York,7.5,3.0,11.5,0.0,31.4
2023-03-26,New York,15.1,3.3,0.0,0.0,24.5
2023-03-27,New York,14.9,2.6,2.6,0.0,23.7
2023-03-28,New York,11.2,3.1,0.6,0.0,21.1
2023-03-29,New York,11.0,-0.1,0.0,0.0,24.2
2023-03-30,New York,7.6,-1.5,0.1,0.0,28.5
2023-03-31,New York,10.1,-0.8,0.0,0.0,29.4
2023-04-01,New York,19.7,9.6,10.1,0.0,26.7
2023-04-02,New York,10.7,3.3,0.0,0.0,35.3
2023-04-03,New York,13.4,-0.2,0.0,0.0,30.9
2023-04-04,New York,18.7,6.0,0.0,0.0,16.8
2023-04-05,New York,13.6,9.4,0.4,0.0,20.5
2023-04-06,New York,26.5,10.7,3.3,0.0,18.7
2023-04-07,New York,14.0,6.9,0.0,0.0,21.9
2023-04-08,New York,10.4,1.8,0.0,0.0,19.9
2023-04-09,New York,11.8,1.2,0.0,0.0,24.2
2023-04-10,New York,17.9,2.2,0.0,0.0,18.8
2023-04-11,New York,23.0,6.5,0.0,0.0,26.0
2023-04-12,New York,27.5,15.6,0.0,0.0,24.1
2023-04-13,New York,31.1,12.0,0.0,0.0,20.6
2023-04-14,New York,29.6,13.9,0.0,0.0,19.2
2023-04-15,New York,21.0,14.6,5.0,0.0,19.5
2023-04-16,New York,21.0,12.3,0.0,0.0,17.7
2023-04-17,New York,20.1,11.6,3.1,0.0,24.5
2023-04-18,New York,14.5,7.1,0.1,0.0,36.5
2023-04-19,New York,17.5,4.3,0.0,0.0,24.5
2023-04-20,New York,15.9,5.8,0.0,0.0,16.2
2023-04-21,New York,19.1,8.2,0.0,0.0,23.9
2023-04-22,New York,19.8,9.9,15.7,0.0,30.5
2023-04-23,New York,19.2,11.3,18.4,0.0,20.6
2023-04-24,New York,16.2,6.3,0.0,0.0,19.1
2023-04-25,New York,15.2,5.6,0.3,0.0,13.2
2023-04-26,New York,13.9,6.2,0.9,0.0,22.1
2023-04-27,New York,13.5,7.4,0.7,0.0,16.8
2023-04-28,New York,13.1,6.8,6.1,0.0,23.3
2023-04-29,New York,12.3,8.8,59.5,0.0,30.7
2023-04-30,New York,14.9,10.5,22.2,0.0,27.5
2023-05-01,New York,15.7,7.6,1.8,0.0,38.6
2023-05-02,New York,13.5,8.4,0.8,0.0,26.9
2023-05-03,New York,12.6,5.8,0.7,0.0,14.8
2023-05-04,New York,14.5,6.4,1.7,0.0,16.3
2023-05-05,New York,17.2,6.9,3.5,0.0,11.9
2023-05-06,New York,21.1,6.6,0.0,0.0,19.0
2023-05-07,New York,23.8,9.3,0.0,0.0,22.1
2023-05-08,New York,23.7,12.9,0.0,0.0,21.2
2023-05-09,New York,19.3,9.8,0.0,0.0,21.7
2023-05-10,New York,21.2,7.2,0.0,0.0,19.8
2023-05-11,New York,25.4,9.6,0.0,0.0,21.7
2023-05-12,New York,29.6,13.0,0.0,0.0,15.3
2023-05-13,New York,27.4,17.6,0.0,0.0,19.7
2023-05-14,New York,22.9,12.6,0.0,0.0,22.0
2023-05-15,New York,25.4,9.7,0.0,0.0,18.7
2023-05-16,New York,27.8,12.8,0.0,0.0,24.9
2023-05-17,New York,18.8,10.7,0.0,0.0,26.4
2023-05-18,New York,14.3,6.9,0.0,0.0,22.1
2023-05-19,New York,19.6,10.5,0.0,0.0,33.0
2023-05-20,New York,17.6,13.6,26.9,0.0,15.9
2023-05-21,New York,21.9,13.0,0.6,0.0,23.0
2023-05-22,New York,23.0,12.3,0.2,0.0,20.6
2023-05-23,New York,19.5,11.1,0.0,0.0,21.5
2023-05-24,New York,21.9,9.9,0.7,0.0,25.0
2023-05-25,New York,19.2,10.1,0.0,0.0,25.9
2023-05-26,New York,22.3,10.1,0.0,0.0,15.3
2023-05-27,New York,24.4,9.9,0.0,0.0,20.1
2023-05-28,New York,23.7,11.7,0.0,0.0,19.9
2023-05-29,New York,24.7,13.8,0.0,0.0,28.5
2023-05-30,New York,20.4,11.8,0.0,0.0,18.6
2023-05-31,New York,22.6,10.8,0.0,0.0,15.3
2023-06-01,New York,27.4,12.3,0.0,0.0,17.4
2023-06-02,New York,30.8,15.2,0.0,0.0,17.1
2023-06-03,New York,20.2,14.1,3.5,0.0,22.3
2023-06-04,New York,21.5,10.5,0.1,0.0,25.0
2023-06-05,New York,24.0,11.6,0.0,0.0,21.5
2023-06-06,New York,25.8,14.6,0.2,0.0,33.9
2023-06-07,New York,25.1,13.3,0.0,0.0,21.3
2023-06-08,New York,22.4,10.7,0.0,0.0,19.2
2023-06-09,New York,22.9,11.7,0.9,0.0,20.0
2023-06-10,New York,26.4,12.3,0.2,0.0,18.1
2023-06-11,New York,27.2,16.4,0.0,0.0,18.6
2023-06-12,New York,24.0,19.3,8.5,0.0,27.0
2023-06-13,New York,26.4,16.2,0.0,0.0,21.6
2023-06-14,New York,24.7,14.9,9.5,0.0,24.1
2023-06-15,New York,26.2,15.0,0.0,0.0,20.4
2023-06-16,New York,25.9,15.2,10.8,0.0,18.8
2023-06-17,New York,25.5,14.8,0.1,0.0,31.6
2023-06-18,New York,26.5,15.8,0.0,0.0,19.2
2023-06-19,New York,25.3,16.3,1.4,0.0,20.0
2023-06-20,New York,23.5,16.5,0.0,0.0,21.3
2023-06-21,New York,22.9,15.5,0.3,0.0,23.4
2023-06-22,New York,21.1,15.5,0.3,0.0,25.0
2023-06-23,New York,22.9,17.1,12.4,0.0,21.8
2023-06-24,New York,25.7,19.3,21.2,0.0,16.9
2023-06-25,New York,28.6,18.7,1.9,0.0,17.9
2023-06-26,New York,25.6,19.1,4.6,0.0,20.3
2023-06-27,New York,26.4,19.4,18.7,0.0,18.8
2023-06-28,New York,28.7,18.9,2.1,0.0,13.8
2023-06-29,New York,28.7,16.3,0.0,0.0,14.3
2023-06-30,New York,29.3,17.1,0.0,0.0,21.1
2023-07-01,New York,26.9,17.7,0.0,0.0,24.7
2023-07-02,New York,31.3,20.4,16.1,0.0,20.6
2023-07-03,New York,31.2,22.4,17.8,0.0,16.8
2023-07-04,New York,29.4,21.3,5.4,0.0,13.2
2023-07-05,New York,32.3,21.1,0.0,0.0,15.2
2023-07-06,New York,31.3,21.5,0.0,0.0,20.0
2023-07-07,New York,29.7,21.9,0.6,0.0,18.4
2023-07-08,New York,29.6,22.6,4.4,0.0,15.2
2023-07-09,New York,27.0,21.6,18.5,0.0,14.9
2023-07-10,New York,28.7,21.3,1.3,0.0,17.2
2023-07-11,New York,31.8,17.1,0.0,0.0,10.6
2023-07-12,New York,33.1,19.7,0.0,0.0,16.3
2023-07-13,New York,31.9,21.3,0.2,0.0,24.4
2023-07-14,New York,28.3,21.4,36.6,0.0,20.7
2023-07-15,New York,29.5,20.5,8.0,0.0,16.8
2023-07-16,New York,26.0,21.9,41.4,0.0,18.2
2023-07-17,New York,31.8,20.1,0.1,0.0,17.6
2023-07-18,New York,29.7,21.4,8.3,0.0,17.1
2023-07-19,New York,27.6,18.8,3.8,0.0,10.9
2023-07-20,New York,28.6,20.0,0.5,0.0,14.9
2023-07-21,New York,29.6,21.9,3.5,0.0,15.6
2023-07-22,New York,28.5,18.6,0.0,0.0,15.1
2023-07-23,New York,30.1,17.4,0.5,0.0,19.3
2023-07-24,New York,28.8,18.6,1.9,0.0,23.1
2023-07-25,New York,28.7,19.3,9.0,0.0,15.1
2023-07-26,New York,30.1,17.1,0.4,0.0,20.9
2023-07-27,New York,33.9,22.3,0.7,0.0,27.5
2023-07-28,New York,34.3,21.4,0.0,0.0,17.3
2023-07-29,New York,33.9,23.4,4.3,0.0,32.8
2023-07-30,New York,26.3,17.7,0.0,0.0,19.6
2023-07-31,New York,29.5,15.6,0.0,0.0,14.9
2023-08-01,New York,27.1,17.1,0.0,0.0,18.9
2023-08-02,New York,27.8,14.6,0.0,0.0,16.9
2023-08-03,New York,26.4,15.6,0.9,0.0,30.0
2023-08-04,New York,27.5,18.5,0.9,0.0,21.3
2023-08-05,New York,30.8,18.3,0.2,0.0,12.9
2023-08-06,New York,29.9,18.2,0.0,0.0,21.8
2023-08-07,New York,27.8,22.1,37.9,0.0,31.2
2023-08-08,New York,27.2,21.6,15.2,0.0,30.6
2023-08-09,New York,29.5,19.8,0.1,0.0,22.4
2023-08-10,New York,25.5,18.8,11.9,0.0,14.9
2023-08-11,New York,29.2,18.2,0.1,0.0,20.2
2023-08-12,New York,28.2,17.2,8.6,0.0,16.6
2023-08-13,New York,30.7,21.6,2.9,0.0,20.8
2023-08-14,New York,30.9,18.8,1.3,0.0,20.5
2023-08-15,New York,27.1,21.3,20.3,0.0,17.5
2023-08-16,New York,26.6,20.8,4.0,0.0,14.4
2023-08-17,New York,25.7,20.4,5.9,0.0,20.3
2023-08-18,New York,27.0,19.7,3.1,0.0,25.3
2023-08-19,New York,26.4,15.4,0.0,0.0,21.0
2023-08-20,New York,29.9,15.2,0.0,0.0,14.4
2023-08-21,New York,31.1,18.5,0.1,0.0,15.1
2023-08-22,New York,26.1,18.0,0.0,0.0,22.7
2023-08-23,New York,25.6,16.0,0.0,0.0,18.1
2023-08-24,New York,24.5,19.6,2.2,0.0,26.4
2023-08-25,New York,28.0,20.6,11.1,0.0,19.7
2023-08-26,New York,30.2,19.9,0.4,0.0,14.8
2023-08-27,New York,28.4,18.5,0.5,0.0,13.3
2023-08-28,New York,25.0,18.9,1.1,0.0,18.4
2023-08-29,New York,27.7,17.8,1.6,0.0,13.5
2023-08-30,New York,29.6,21.0,0.7,0.0,20.7
2023-08-31,New York,25.2,17.2,0.0,0.0,22.5
2023-09-01,New York,24.5,13.7,0.0,0.0,13.7
2023-09-02,New York,27.0,13.0,0.0,0.0,24.2
2023-09-03,New York,32.4,18.0,0.3,0.0,16.8
2023-09-04,New York,33.9,19.9,1.2,0.0,18.1
2023-09-05,New York,35.4,22.1,0.0,0.0,14.1
2023-09-06,New York,35.9,23.0,0.0,0.0,9.4
2023-09-07,New York,35.3,21.6,3.8,0.0,18.5
2023-09-08,New York,31.7,20.4,14.3,0.0,16.1
2023-09-09,New York,29.3,20.8,8.5,0.0,12.6
2023-09-10,New York,24.6,19.6,16.5,0.0,10.7
2023-09-11,New York,27.7,19.9,4.4,0.0,10.5
2023-09-12,New York,29.0,19.1,0.2,0.0,11.9
2023-09-13,New York,26.7,19.8,17.1,0.0,11.9
2023-09-14,New York,25.0,17.1,0.0,0.0,16.9
2023-09-15,New York,21.5,13.7,0.0,0.0,23.3
2023-09-16,New York,24.5,15.2,0.0,0.0,22.0
2023-09-17,New York,24.3,11.8,0.5,0.0,14.8
2023-09-18,New York,21.5,16.6,13.9,0.0,17.3
2023-09-19,New York,23.5,13.4,0.0,0.0,21.5
2023-09-20,New York,23.5,11.7,0.0,0.0,14.3
2023-09-21,New York,22.8,11.6,0.0,0.0,13.0
2023-09-22,New York,22.4,13.0,0.0,0.0,22.6
2023-09-23,New York,16.2,13.6,42.3,0.0,31.4
2023-09-24,New York,19.8,16.0,17.3,0.0,31.9
2023-09-25,New York,17.3,14.4,17.5,0.0,30.8
2023-09-26,New York,17.0,13.4,8.5,0.0,24.6
2023-09-27,New York,17.8,9.4,0.0,0.0,19.4
2023-09-28,New York,18.8,10.7,0.1,0.0,17.5
2023-09-29,New York,17.2,13.2,69.9,0.0,25.5
2023-09-30,New York,21.7,13.0,1.0,0.0,20.4
2023-10-01,New York,25.1,14.2,0.0,0.0,18.7
2023-10-02,New York,25.4,15.8,0.0,0.0,16.0
2023-10-03,New York,27.4,13.1,0.0,0.0,8.6
2023-10-04,New York,27.8,14.9,0.0,0.0,12.6
2023-10-05,New York,24.1,13.1,0.0,0.0,17.4
2023-10-06,New York,22.5,17.6,2.6,0.0,15.0
2023-10-07,New York,20.7,11.8,60.4,0.0,29.1
2023-10-08,New York,16.9,9.4,0.0,0.0,24.5
2023-10-09,New York,15.7,7.3,0.1,0.0,23.9
2023-10-10,New York,18.0,7.9,0.0,0.0,19.7
2023-10-11,New York,20.7,8.2,0.0,0.0,14.2
2023-10-12,New York,21.1,7.2,0.0,0.0,11.0
2023-10-13,New York,17.7,8.8,0.0,0.0,14.0
2023-10-14,New York,11.9,9.4,15.1,0.0,16.7
2023-10-15,New York,16.7,9.5,1.2,0.0,24.8
2023-10-16,New York,17.7,7.1,0.2,0.0,19.9
2023-10-17,New York,16.9,8.2,0.6,0.0,12.1
2023-10-18,New York,17.3,6.9,0.3,0.0,8.9
2023-10-19,New York,18.1,7.2,0.0,0.0,19.6
2023-10-20,New York,17.3,12.8,27.2,0.0,25.7
2023-10-21,New York,17.8,12.8,5.9,0.0,25.6
2023-10-22,New York,13.9,9.2,0.0,0.0,27.5
2023-10-23,New York,16.1,7.4,0.0,0.0,22.2
2023-10-24,New York,17.8,4.3,0.0,0.0,11.9
2023-10-25,New York,22.1,7.8,0.0,0.0,14.7
2023-10-26,New York,26.0,9.4,0.0,0.0,14.4
2023-10-27,New York,24.7,12.5,0.0,0.0,14.8
2023-10-28,New York,27.1,16.3,0.0,0.0,18.7
2023-10-29,New York,16.3,10.7,6.9,0.0,19.2
2023-10-30,New York,19.2,10.4,2.0,0.0,25.0
2023-10-31,New York,10.6,6.7,0.2,0.0,18.1
2023-11-01,New York,9.8,3.5,3.5,0.0,23.3
2023-11-02,New York,9.7,-0.3,0.0,0.0,12.2
2023-11-03,New York,13.2,0.3,0.0,0.0,17.7
2023-11-04,New York,15.0,3.7,0.0,0.0,11.0
2023-11-05,New York,17.1,4.5,0.0,0.0,14.8
2023-11-06,New York,12.1,4.0,0.1,0.0,12.6
2023-11-07,New York,20.3,10.7,5.7,0.0,20.3
2023-11-08,New York,10.9,4.5,0.0,0.0,19.3
2023-11-09,New York,15.3,2.8,0.4,0.0,12.0
2023-11-10,New York,10.8,5.7,0.3,0.0,16.3
2023-11-11,New York,12.3,4.0,0.0,0.0,18.1
2023-11-12,New York,7.2,-0.2,0.0,0.0,13.3
2023-11-13,New York,9.0,-2.1,0.0,0.0,13.6
2023-11-14,New York,11.2,1.9,0.0,0.0,27.9
2023-11-15,New York,10.9,-1.1,0.0,0.0,14.7
2023-11-16,New York,17.9,1.9,0.0,0.0,10.5
2023-11-17,New York,19.6,4.4,0.0,0.0,18.5
2023-11-18,New York,13.2,3.5,1.2,0.0,25.9
2023-11-19,New York,12.5,1.1,0.0,0.0,20.9
2023-11-20,New York,7.2,-0.9,0.0,0.0,18.7
2023-11-21,New York,8.5,-1.3,7.9,0.0,29.8
2023-11-22,New York,14.5,8.3,24.7,0.0,38.3
2023-11-23,New York,11.2,5.2,0.0,0.0,20.9
2023-11-24,New York,9.9,0.1,0.0,0.0,22.7
2023-11-25,New York,4.3,-3.1,0.0,0.0,15.8
2023-11-26,New York,10.6,-2.6,5.5,0.0,34.3
2023-11-27,New York,12.8,2.9,4.4,0.0,37.6
2023-11-28,New York,4.0,-1.8,0.1,0.07,28.9
2023-11-29,New York,2.6,-4.4,0.0,0.0,21.0
2023-11-30,New York,9.7,-2.6,0.0,0.0,17.6
2023-12-01,New York,7.9,-0.2,5.3,0.0,14.3
2024-03-25,New York,10.2,-1.5,0.0,0.0,22.1
2023-12-02,New York,16.2,4.4,0.1,0.0,16.3
2023-12-03,New York,10.2,5.8,16.2,0.0,19.1
2023-12-04,New York,10.9,4.8,0.0,0.0,21.0
2023-12-05,New York,6.7,1.6,0.0,0.0,14.7
2023-12-06,New York,5.1,-2.2,0.1,0.0,22.3
2023-12-07,New York,3.5,-3.3,0.0,0.0,17.5
2023-12-08,New York,9.2,-2.0,0.0,0.0,11.0
2023-12-09,New York,13.5,1.2,0.0,0.0,12.0
2023-12-10,New York,17.0,5.1,28.1,0.0,29.2
2023-12-11,New York,14.1,2.7,26.9,0.0,35.1
2023-12-12,New York,6.3,-2.3,0.0,0.0,18.1
2023-12-13,New York,7.5,0.1,0.0,0.0,18.2
2023-12-14,New York,4.7,-3.2,0.0,0.0,13.1
2023-12-15,New York,12.5,-0.6,0.0,0.0,16.6
2023-12-16,New York,11.6,3.0,0.0,0.0,12.6
2023-12-17,New York,13.1,5.2,16.8,0.0,23.0
2023-12-18,New York,15.6,5.9,78.9,0.0,53.5
2023-12-19,New York,6.2,-0.9,0.0,0.0,24.0
2023-12-20,New York,7.6,-3.7,0.0,0.0,16.4
2023-12-21,New York,4.4,-2.7,0.0,0.0,20.9
2023-12-22,New York,2.7,-5.6,0.0,0.0,13.1
2023-12-23,New York,6.0,-3.4,0.5,0.0,9.7
2023-12-24,New York,8.8,1.2,0.0,0.0,7.6
2023-12-25,New York,11.6,1.3,0.0,0.0,8.6
2023-12-26,New York,7.7,3.0,0.0,0.0,7.3
2023-12-27,New York,9.1,5.3,5.2,0.0,16.1
2023-12-28,New York,11.7,8.6,40.1,0.0,23.8
2023-12-29,New York,13.4,7.3,0.4,0.0,18.1
2023-12-30,New York,8.0,1.3,0.1,0.0,26.6
2023-12-31,New York,6.5,-2.0,0.0,0.0,15.9
2024-01-01,New York,7.7,0.2,0.0,0.0,14.3
2024-01-02,New York,5.7,-4.6,0.0,0.0,13.7
2024-01-03,New York,7.7,-2.3,0.0,0.0,14.4
2024-01-04,New York,6.8,-2.1,0.0,0.0,26.9
2024-01-05,New York,3.1,-5.4,0.0,0.0,20.5
2024-01-06,New York,2.8,-5.2,11.0,5.32,29.1
2024-01-07,New York,2.5,-0.2,7.3,0.98,27.0
2024-01-08,New York,6.3,-3.2,0.0,0.0,20.1
2024-01-09,New York,12.6,-4.6,31.5,0.0,57.3
2024-01-10,New York,13.8,5.2,28.2,0.0,48.6
2024-01-11,New York,8.2,0.1,0.0,0.0,22.9
2024-01-12,New York,8.2,-2.0,0.8,0.0,22.1
2024-01-13,New York,14.6,1.8,22.9,0.0,34.2
2024-01-14,New York,6.3,-3.8,0.5,0.28,36.4
2024-01-15,New York,-0.8,-5.9,0.8,0.56,11.4
2024-01-16,New York,-0.9,-5.7,9.5,3.71,23.2
2024-01-17,New York,-4.2,-9.0,0.0,0.0,23.8
2024-01-18,New York,0.4,-6.8,0.3,0.28,17.1
2024-01-19,New York,-0.9,-4.6,2.7,1.89,16.5
2024-01-20,New York,-3.4,-8.2,0.0,0.0,26.2
2024-01-21,New York,-1.2,-7.5,0.0,0.0,23.6
2024-01-22,New York,3.6,-7.0,0.0,0.0,17.6
2024-01-23,New York,4.6,-1.7,1.7,0.0,18.8
2024-01-24,New York,5.6,0.1,3.2,0.0,10.5
2024-01-25,New York,11.4,5.2,5.6,0.0,21.2
2024-01-26,New York,8.3,3.2,4.6,0.0,15.7
2024-01-27,New York,8.6,2.8,0.0,0.0,13.0
2024-01-28,New York,4.2,2.5,21.3,0.0,28.8
2024-01-29,New York,5.9,0.6,0.7,0.0,27.6
2024-01-30,New York,4.3,-4.0,0.0,0.0,12.1
2024-01-31,New York,4.5,-1.2,0.2,0.0,11.2
2024-02-01,New York,9.0,-3.4,0.6,0.0,19.8
2024-02-02,New York,6.0,2.0,6.3,0.0,22.6
2024-02-03,New York,6.0,-3.2,0.0,0.0,24.2
2024-02-04,New York,7.5,-3.8,0.0,0.0,14.8
2024-02-05,New York,7.1,-3.3,0.0,0.0,28.2
2024-02-06,New York,5.7,-4.9,0.0,0.0,19.1
2024-02-07,New York,8.2,-3.7,0.0,0.0,12.7
2024-02-08,New York,10.0,-3.8,0.0,0.0,10.5
2024-02-09,New York,11.4,1.0,0.0,0.0,14.9
2024-02-10,New York,15.9,1.8,0.1,0.0,16.6
2024-02-11,New York,9.0,3.6,0.0,0.0,15.6
2024-02-12,New York,9.2,-1.8,0.1,0.0,11.3
2024-02-13,New York,3.4,-1.3,27.7,19.11,25.6
2024-02-14,New York,0.4,-4.3,0.0,0.0,25.7
2024-02-15,New York,2.9,-5.4,0.2,0.14,22.3
2024-02-16,New York,5.1,-2.0,0.0,0.0,31.2
2024-02-17,New York,2.2,-4.6,5.9,4.06,21.7
2024-02-18,New York,5.0,-6.3,0.0,0.0,29.4
2024-02-19,New York,4.1,-4.1,0.0,0.0,20.8
2024-02-20,New York,2.4,-6.5,0.0,0.0,13.1
2024-02-21,New York,4.6,-5.6,0.0,0.0,15.0
2024-02-22,New York,6.8,-5.1,0.3,0.0,19.8
2024-02-23,New York,8.2,1.4,3.1,0.0,12.8
2024-02-24,New York,5.6,-2.9,0.0,0.0,21.4
2024-02-25,New York,4.1,-7.4,0.0,0.0,16.2
2024-02-26,New York,11.5,-2.2,2.9,1.68,13.5
2024-02-27,New York,13.9,-0.1,3.8,0.0,26.1
2024-02-28,New York,17.2,10.1,15.7,0.0,34.2
2024-02-29,New York,6.7,-2.8,0.1,0.0,30.7
2024-03-01,New York,5.9,-4.4,0.0,0.0,20.3
2024-03-02,New York,10.2,1.8,28.1,0.0,26.5
2024-03-03,New York,18.7,5.9,0.0,0.0,15.8
2024-03-04,New York,14.4,3.7,0.0,0.0,21.8
2024-03-05,New York,8.4,4.0,20.3,0.0,20.1
2024-03-06,New York,9.8,3.7,33.2,0.0,20.6
2024-03-07,New York,12.7,5.9,3.5,0.0,28.0
2024-03-08,New York,12.4,0.8,0.0,0.0,21.6
2024-03-09,New York,8.0,3.8,28.7,0.0,33.5
2024-03-10,New York,10.9,2.2,20.9,0.0,30.6
2024-03-11,New York,10.1,1.0,0.0,0.0,45.9
2024-03-12,New York,17.6,2.6,0.0,0.0,21.5
2024-03-13,New York,15.4,2.5,0.0,0.0,15.0
2024-03-14,New York,21.3,4.0,0.0,0.0,15.8
2024-03-15,New York,21.7,8.3,0.8,0.0,24.1
2024-03-16,New York,14.4,4.8,0.1,0.0,20.7
2024-03-17,New York,15.8,7.3,0.4,0.0,28.8
2024-03-18,New York,9.2,2.4,0.0,0.0,20.6
2024-03-19,New York,7.5,0.3,0.5,0.14,27.8
2024-03-20,New York,12.0,1.2,2.8,0.0,30.7
2024-03-21,New York,5.6,-3.7,0.0,0.0,30.3
2024-03-22,New York,5.7,-5.2,0.0,0.0,18.9
2024-03-23,New York,10.0,1.1,63.6,0.0,33.3
2024-03-24,New York,8.6,-2.4,0.0,0.0,33.5
2024-03-26,New York,10.0,0.1,0.0,0.0,18.8
2024-03-27,New York,10.9,4.8,0.6,0.0,11.2
2024-03-28,New York,10.7,6.5,21.5,0.0,18.5
2024-03-29,New York,12.7,4.0,0.4,0.0,34.5
2024-03-30,New York,14.6,2.4,0.1,0.0,24.3
2024-03-31,New York,16.3,4.5,0.2,0.0,20.3
2024-04-01,New York,12.6,5.5,3.3,0.0,13.2
2024-04-02,New York,8.9,6.2,19.0,0.0,20.7
2024-04-03,New York,7.0,4.4,25.6,0.0,39.8
2024-04-04,New York,9.2,3.1,9.1,0.0,38.8
2024-04-05,New York,9.6,1.7,0.0,0.0,28.5
2024-04-06,New York,11.5,3.1,0.2,0.0,27.9
2024-04-07,New York,14.3,1.6,0.1,0.0,24.1
2024-04-08,New York,18.1,0.9,1.0,0.0,14.2
2024-04-09,New York,24.0,4.9,0.0,0.0,18.2
2024-04-10,New York,16.0,8.3,0.6,0.0,16.6
2024-04-11,New York,17.2,9.3,6.5,0.0,29.4
2024-04-12,New York,19.6,12.6,14.9,0.0,39.0
2024-04-13,New York,12.1,7.7,2.0,0.0,35.3
2024-04-14,New York,22.2,6.0,0.9,0.0,23.8
2024-04-15,New York,24.8,10.4,0.0,0.0,24.6
2024-04-16,New York,20.6,7.0,0.0,0.0,18.5
2024-04-17,New York,15.7,7.5,3.0,0.0,18.4
2024-04-18,New York,9.4,5.6,6.2,0.0,25.0
2024-04-19,New York,13.2,4.1,0.0,0.0,20.4
2024-04-20,New York,20.2,8.4,2.3,0.0,28.8
2024-04-21,New York,12.1,2.1,0.0,0.0,23.0
2024-04-22,New York,15.0,2.1,0.0,0.0,17.0
2024-04-23,New York,14.8,2.2,0.0,0.0,27.8
2024-04-24,New York,21.4,8.6,1.6,0.0,32.0
2024-04-25,New York,12.3,3.2,0.0,0.0,22.0
2024-04-26,New York,14.6,1.7,0.0,0.0,19.2
2024-04-27,New York,14.5,3.1,0.3,0.0,27.1
2024-04-28,New York,22.8,8.8,0.6,0.0,16.3
2024-04-29,New York,28.3,13.5,3.4,0.0,15.5
2024-04-30,New York,22.9,11.3,2.2,0.0,14.6
2024-05-01,New York,24.8,10.5,1.5,0.0,19.8
2024-05-02,New York,27.8,10.3,0.0,0.0,22.7
2024-05-03,New York,17.3,9.8,0.0,0.0,19.2
2024-05-04,New York,16.6,7.9,0.0,0.0,21.2
2024-05-05,New York,12.1,9.2,8.6,0.0,23.7
2024-05-06,New York,22.7,12.0,0.8,0.0,11.6
2024-05-07,New York,26.1,12.2,0.0,0.0,15.2
2024-05-08,New York,30.9,16.0,0.0,0.0,26.6
2024-05-09,New York,21.0,14.3,0.0,0.0,16.6
2024-05-10,New York,15.1,9.5,12.9,0.0,19.7
2024-05-11,New York,16.6,6.5,0.0,0.0,19.8
2024-05-12,New York,13.5,8.7,7.6,0.0,14.8
2024-05-13,New York,20.0,5.9,0.0,0.0,23.6
2024-05-14,New York,22.6,9.5,3.2,0.0,21.3
2024-05-15,New York,19.8,13.5,6.8,0.0,26.0
2024-05-16,New York,19.0,15.0,4.8,0.0,31.4
2024-05-17,New York,22.7,12.1,0.0,0.0,18.3
2024-05-18,New York,22.8,13.2,2.2,0.0,15.7
2024-05-19,New York,23.4,12.5,0.2,0.0,19.7
2024-05-20,New York,23.8,10.7,0.0,0.0,19.0
2024-05-21,New York,27.1,12.4,0.0,0.0,17.0
2024-05-22,New York,28.6,15.8,0.0,0.0,22.8
2024-05-23,New York,27.2,19.0,3.0,0.0,16.1
2024-05-24,New York,29.4,15.8,0.0,0.0,15.5
2024-05-25,New York,26.0,14.0,0.0,0.0,17.5
2024-05-26,New York,26.1,15.7,0.2,0.0,16.0
2024-05-27,New York,22.6,17.2,34.6,0.0,26.5
2024-05-28,New York,27.1,17.8,0.0,0.0,26.7
2024-05-29,New York,25.1,14.0,12.4,0.0,17.6
2024-05-30,New York,21.7,14.0,2.2,0.0,21.7
2024-05-31,New York,25.0,13.2,0.0,0.0,20.4
2024-06-01,New York,28.2,13.2,0.0,0.0,16.0
2024-06-02,New York,27.3,14.3,0.0,0.0,21.3
2024-06-03,New York,30.1,17.6,0.2,0.0,15.2
2024-06-04,New York,25.7,16.5,0.0,0.0,18.4
2024-06-05,New York,26.3,14.7,6.6,0.0,23.6
2024-06-06,New York,27.8,19.4,40.5,0.0,32.8
2024-06-07,New York,28.6,17.6,0.5,0.0,23.4
2024-06-08,New York,25.3,15.5,0.0,0.0,26.3
2024-06-09,New York,25.4,14.6,0.1,0.0,27.0
2024-06-10,New York,24.5,14.7,0.0,0.0,17.7
2024-06-11,New York,23.4,13.9,1.1,0.0,11.4
2024-06-12,New York,25.8,14.5,0.0,0.0,18.0
2024-06-13,New York,29.1,14.0,0.0,0.0,31.2
2024-06-14,New York,29.7,19.5,18.9,0.0,15.5
2024-06-15,New York,27.4,17.1,0.0,0.0,22.6
2024-06-16,New York,24.1,14.5,0.0,0.0,18.6
2024-06-17,New York,29.6,16.1,0.0,0.0,25.8
2024-06-18,New York,30.0,20.5,0.0,0.0,24.4
2024-06-19,New York,31.1,19.8,0.0,0.0,25.0
2024-06-20,New York,33.4,19.9,0.0,0.0,21.3
2024-06-21,New York,35.6,22.7,0.0,0.0,21.2
2024-06-22,New York,34.7,22.3,5.0,0.0,16.7
2024-06-23,New York,36.3,22.7,0.1,0.0,26.7
2024-06-24,New York,27.2,22.3,0.0,0.0,39.0
2024-06-25,New York,33.9,20.2,0.0,0.0,23.7
2024-06-26,New York,35.9,23.2,0.1,0.0,28.0
2024-06-27,New York,30.4,21.7,10.6,0.0,19.2
2024-06-28,New York,25.5,15.5,0.0,0.0,21.6
2024-06-29,New York,26.9,17.9,1.7,0.0,34.1
2024-06-30,New York,33.5,22.1,20.8,0.0,24.0
2024-07-01,New York,26.9,16.5,0.1,0.0,24.7
2024-07-02,New York,28.8,16.5,0.0,0.0,15.5
2024-07-03,New York,28.1,17.2,0.0,0.0,27.9
2024-07-04,New York,30.5,19.5,1.8,0.0,19.7
2024-07-05,New York,32.3,22.1,1.7,0.0,18.2
2024-07-06,New York,33.2,23.0,3.2,0.0,16.6
2024-07-07,New York,32.7,23.9,1.6,0.0,15.9
2024-07-08,New York,33.0,23.3,0.0,0.0,15.3
2024-07-09,New York,31.1,22.5,0.2,0.0,24.9
2024-07-10,New York,32.1,24.8,0.3,0.0,34.5
2024-07-11,New York,34.6,24.2,5.6,0.0,28.2
2024-07-12,New York,29.5,21.9,6.0,0.0,19.9
2024-07-13,New York,30.8,21.7,27.5,0.0,17.1
2024-07-14,New York,31.4,22.0,1.2,0.0,15.9
2024-07-15,New York,35.3,23.2,0.5,0.0,20.8
2024-07-16,New York,35.3,22.7,0.8,0.0,24.5
2024-07-17,New York,32.1,23.9,33.7,0.0,18.3
2024-07-18,New York,30.9,21.5,0.4,0.0,13.7
2024-07-19,New York,29.0,18.0,0.0,0.0,15.6
2024-07-20,New York,28.9,17.8,2.1,0.0,17.6
2024-07-21,New York,31.5,19.8,0.1,0.0,21.6
2024-07-22,New York,28.5,21.2,4.5,0.0,20.7
2024-07-23,New York,29.7,21.1,3.3,0.0,8.5
2024-07-24,New York,29.6,21.3,8.8,0.0,14.9
2024-07-25,New York,30.8,20.7,0.0,0.0,16.3
2024-07-26,New York,29.5,18.2,0.0,0.0,21.1
2024-07-27,New York,30.1,17.7,0.0,0.0,15.0
2024-07-28,New York,31.5,18.2,0.0,0.0,23.1
2024-07-29,New York,29.6,21.6,4.0,0.0,17.9
2024-07-30,New York,32.1,21.4,0.0,0.0,28.8
2024-07-31,New York,32.1,23.3,9.9,0.0,18.2
2024-08-01,New York,34.9,20.6,0.1,0.0,16.9
2024-08-02,New York,33.1,23.7,10.0,0.0,21.6
2024-08-03,New York,33.1,23.6,13.1,0.0,19.5
2024-08-04,New York,28.3,23.2,13.7,0.0,14.3
2024-08-05,New York,32.0,20.4,0.0,0.0,19.8
2024-08-06,New York,32.6,22.1,37.5,0.0,15.9
2024-08-07,New York,22.7,18.7,24.0,0.0,21.2
2024-08-08,New York,23.5,18.2,5.7,0.0,24.3
2024-08-09,New York,28.6,22.1,23.7,0.0,44.3
2024-08-10,New York,29.6,21.8,1.0,0.0,18.2
2024-08-11,New York,27.6,19.1,0.0,0.0,19.7
2024-08-12,New York,26.4,16.5,0.0,0.0,20.4
2024-08-13,New York,27.1,16.5,0.0,0.0,14.7
2024-08-14,New York,28.6,17.7,0.1,0.0,15.8
2024-08-15,New York,30.4,17.3,0.0,0.0,11.6
2024-08-16,New York,30.5,18.5,0.0,0.0,18.4
2024-08-17,New York,26.5,20.9,4.6,0.0,24.3
2024-08-18,New York,25.8,21.2,27.5,0.0,25.1
2024-08-19,New York,28.5,20.4,29.7,0.0,19.8
2024-08-20,New York,22.6,16.6,0.1,0.0,22.7
2024-08-21,New York,22.8,13.0,0.0,0.0,20.9
2024-08-22,New York,24.7,12.6,0.0,0.0,19.2
2024-08-23,New York,27.5,13.4,0.0,0.0,14.0
2024-08-24,New York,30.0,14.9,0.0,0.0,14.8
2024-08-25,New York,30.2,16.4,0.2,0.0,17.3
2024-08-26,New York,30.0,18.2,0.9,0.0,22.7
2024-08-27,New York,29.9,17.8,0.0,0.0,20.2
2024-08-28,New York,34.2,21.6,0.0,0.0,15.9
2024-08-29,New York,27.0,20.2,4.6,0.0,19.1
2024-08-30,New York,24.0,18.3,3.9,0.0,18.1
2024-08-31,New York,25.8,17.8,0.9,0.0,17.7
2024-09-01,New York,29.2,21.0,4.8,0.0,19.8
2024-09-02,New York,26.3,17.6,0.0,0.0,19.9
2024-09-03,New York,23.0,12.3,0.0,0.0,17.1
2024-09-04,New York,25.2,12.4,0.0,0.0,14.0
2024-09-05,New York,25.7,12.7,0.0,0.0,17.4
2024-09-06,New York,26.6,14.6,0.1,0.0,17.7
2024-09-07,New York,24.6,14.3,3.1,0.0,25.2
2024-09-08,New York,21.9,11.5,0.0,0.0,21.0
2024-09-09,New York,25.1,10.6,0.0,0.0,20.9
2024-09-10,New York,26.1,13.8,0.0,0.0,14.5
2024-09-11,New York,25.6,12.1,0.0,0.0,12.7
2024-09-12,New York,26.3,14.9,0.0,0.0,16.3
2024-09-13,New York,27.5,13.9,0.0,0.0,13.7
2024-09-14,New York,29.7,14.9,0.0,0.0,14.0
2024-09-15,New York,28.1,15.5,0.0,0.0,19.1
2024-09-16,New York,25.8,13.1,0.0,0.0,14.4
2024-09-17,New York,27.2,14.8,0.0,0.0,18.1
2024-09-18,New York,23.9,17.9,0.0,0.0,17.5
2024-09-19,New York,29.8,16.4,0.0,0.0,17.3
2024-09-20,New York,27.8,17.4,0.0,0.0,20.3
2024-09-21,New York,27.1,15.4,0.0,0.0,18.1
2024-09-22,New York,25.4,13.6,0.0,0.0,17.2
2024-09-23,New York,21.1,13.3,0.1,0.0,16.9
2024-09-24,New York,20.2,13.9,0.0,0.0,17.2
2024-09-25,New York,20.8,16.1,1.1,0.0,20.8
2024-09-26,New York,23.4,17.2,4.4,0.0,17.7
2024-09-27,New York,22.3,18.7,0.9,0.0,15.4
2024-09-28,New York,20.0,16.1,13.7,0.0,19.8
2024-09-29,New York,18.7,16.5,1.2,0.0,17.8
2024-09-30,New York,22.9,14.4,0.0,0.0,18.5
2024-10-01,New York,22.2,14.6,0.0,0.0,16.5
2024-10-02,New York,20.7,13.0,0.0,0.0,14.3
2024-10-03,New York,22.4,15.1,0.1,0.0,15.1
2024-10-04,New York,23.4,12.4,0.2,0.0,16.9
2024-10-05,New York,24.1,13.7,0.4,0.0,18.0
2024-10-06,New York,21.9,10.1,0.0,0.0,17.2
2024-10-07,New York,23.6,15.6,5.5,0.0,19.7
2024-10-08,New York,20.9,10.5,0.0,0.0,16.7
2024-10-09,New York,20.3,9.2,0.1,0.0,22.2
2024-10-10,New York,18.1,7.7,0.0,0.0,21.3
2024-10-11,New York,21.2,6.5,0.0,0.0,18.9
2024-10-12,New York,23.2,12.3,0.0,0.0,24.0
2024-10-13,New York,23.6,9.8,0.0,0.0,16.4
2024-10-14,New York,19.5,8.6,0.0,0.0,36.2
2024-10-15,New York,14.7,5.4,0.2,0.0,20.6
2024-10-16,New York,15.5,5.4,0.0,0.0,22.0
2024-10-17,New York,15.3,3.6,0.0,0.0,23.1
2024-10-18,New York,19.5,6.8,0.0,0.0,20.4
2024-10-19,New York,21.6,7.1,0.0,0.0,11.5
2024-10-20,New York,24.6,5.8,0.0,0.0,11.0
2024-10-21,New York,27.8,7.8,0.0,0.0,13.6
2024-10-22,New York,27.8,12.8,0.0,0.0,12.5
2024-10-23,New York,25.4,11.0,0.0,0.0,17.8
2024-10-24,New York,20.8,11.7,0.6,0.0,25.8
2024-10-25,New York,18.2,6.5,0.0,0.0,15.8
2024-10-26,New York,18.3,9.6,0.0,0.0,24.8
2024-10-27,New York,14.9,4.8,0.0,0.0,18.6
2024-10-28,New York,16.3,2.9,0.0,0.0,15.1
2024-10-29,New York,17.6,6.1,1.1,0.0,24.0
2024-10-30,New York,25.9,11.1,0.0,0.0,13.9
2024-10-31,New York,28.2,12.0,0.0,0.0,22.2
2024-11-01,New York,26.7,15.1,0.3,0.0,30.4
2024-11-02,New York,16.0,8.3,0.0,0.0,20.3
2024-11-03,New York,13.3,3.7,0.0,0.0,14.5
2024-11-04,New York,14.4,3.5,0.0,0.0,19.2
2024-11-05,New York,22.6,8.8,0.0,0.0,21.3
2024-11-06,New York,27.0,16.4,0.0,0.0,22.8
2024-11-07,New York,23.1,12.5,0.0,0.0,21.3
2024-11-08,New York,20.6,6.7,0.0,0.0,27.6
2024-11-09,New York,13.0,4.5,0.0,0.0,23.5
2024-11-10,New York,14.5,2.3,0.7,0.0,20.4
2024-11-11,New York,21.1,11.0,3.3,0.0,25.7
2024-11-12,New York,12.1,5.6,0.0,0.0,26.9
2024-11-13,New York,9.2,1.4,0.0,0.0,13.6
2024-11-14,New York,7.8,1.4,0.0,0.0,9.6
2024-11-15,New York,14.8,3.1,0.0,0.0,14.5
2024-11-16,New York,16.5,6.3,0.0,0.0,16.6
2024-11-17,New York,18.0,6.5,0.0,0.0,14.5
2024-11-18,New York,17.9,7.6,0.0,0.0,14.0
2024-11-19,New York,14.8,6.0,0.0,0.0,13.1
2024-11-20,New York,15.9,7.3,0.0,0.0,11.5
2024-11-21,New York,12.2,4.2,42.3,0.0,17.5
2024-11-22,New York,5.0,2.1,14.9,0.07,24.8
2024-11-23,New York,8.9,2.5,1.4,0.0,25.4
2024-11-24,New York,10.9,5.5,0.0,0.0,22.3
2024-11-25,New York,10.8,2.2,0.0,0.0,10.7
2024-11-26,New York,14.9,6.6,3.7,0.0,15.4
2024-11-27,New York,10.3,2.3,0.0,0.0,9.6
2024-11-28,New York,11.7,5.0,13.1,0.0,20.0
2024-11-29,New York,7.8,1.1,0.2,0.0,18.4
2024-11-30,New York,3.5,-2.2,0.0,0.0,16.9
2024-12-01,New York,2.7,-3.7,0.0,0.0,17.9
2024-12-02,New York,4.0,-3.2,0.0,0.0,10.5
2024-12-03,New York,5.2,-2.3,0.0,0.0,11.8
2024-12-04,New York,3.9,-3.3,0.0,0.0,15.8
2024-12-05,New York,4.6,-0.1,3.6,1.05,27.3
2024-12-06,New York,0.2,-2.3,0.0,0.0,18.7
2024-12-07,New York,4.7,-2.7,0.0,0.0,13.9
2024-12-08,New York,11.4,1.5,0.0,0.0,19.6
2024-12-09,New York,10.5,1.1,7.4,0.0,11.6
2024-12-10,New York,11.1,5.8,2.1,0.0,13.2
2024-12-11,New York,16.1,5.9,34.3,0.0,24.0
2024-12-12,New York,5.2,-2.1,0.1,0.0,25.1
2024-12-13,New York,0.3,-4.0,0.0,0.0,11.3
2024-12-14,New York,0.6,-5.6,0.0,0.0,8.3
2024-12-15,New York,3.1,-5.0,0.1,0.0,10.0
2024-12-16,New York,9.5,1.7,15.4,0.0,12.5
2024-12-17,New York,14.7,7.5,4.7,0.0,15.8
2024-12-18,New York,10.0,1.5,2.5,0.0,10.9
2024-12-19,New York,6.8,0.8,2.6,0.0,15.0
2024-12-20,New York,2.5,-0.8,1.7,0.56,14.6
2024-12-21,New York,0.4,-6.6,4.1,2.87,19.9
2024-12-22,New York,-7.0,-12.1,0.0,0.0,14.5
2024-12-23,New York,-4.0,-14.9,0.0,0.0,9.2
2024-12-24,New York,1.5,-4.1,1.9,1.33,10.5
2024-12-25,New York,0.2,-6.3,0.0,0.0,10.2
2024-12-26,New York,-0.3,-8.2,0.0,0.0,8.3
2024-12-27,New York,2.0,-9.4,0.0,0.0,6.2
2024-12-28,New York,7.3,1.8,5.6,0.0,6.7
2024-12-29,New York,16.1,4.4,2.7,0.0,22.4
2024-12-30,New York,13.0,7.8,5.8,0.0,25.5
2024-12-31,New York,9.7,1.5,5.9,0.0,12.2
2023-01-01,Phoenix,14.1,5.8,15.3,0.0,22.7
2023-01-02,Phoenix,13.3,5.4,5.3,0.0,14.5
2023-01-03,Phoenix,15.2,6.0,0.1,0.0,13.7
2023-01-04,Phoenix,17.1,6.2,0.0,0.0,13.7
2023-01-05,Phoenix,19.0,7.2,0.2,0.0,14.8
2023-01-06,Phoenix,16.4,6.7,0.0,0.0,9.8
2023-01-07,Phoenix,18.1,4.2,0.0,0.0,9.2
2023-01-08,Phoenix,18.9,4.1,0.0,0.0,11.2
2023-01-09,Phoenix,18.6,4.5,0.0,0.0,10.8
2023-01-10,Phoenix,20.4,6.4,0.0,0.0,16.6
2023-01-11,Phoenix,17.5,7.3,0.0,0.0,17.8
2023-01-12,Phoenix,21.5,4.8,0.0,0.0,19.0
2023-01-13,Phoenix,24.1,8.1,0.0,0.0,18.8
2023-01-14,Phoenix,18.3,5.8,0.2,0.0,11.3
2023-01-15,Phoenix,14.3,10.0,8.6,0.0,10.4
2023-01-16,Phoenix,13.7,9.9,26.3,0.0,20.9
2023-01-17,Phoenix,13.2,7.8,8.2,0.0,18.9
2023-01-18,Phoenix,13.7,3.9,0.0,0.0,10.2
2023-01-19,Phoenix,13.6,2.6,0.0,0.0,8.9
2023-01-20,Phoenix,12.7,4.6,0.0,0.0,17.7
2023-01-21,Phoenix,13.2,1.7,0.0,0.0,9.0
2023-01-22,Phoenix,13.3,1.2,0.0,0.0,15.8
2023-01-23,Phoenix,8.5,1.0,0.0,0.0,17.7
2023-01-24,Phoenix,11.6,-0.3,0.0,0.0,8.4
2023-01-25,Phoenix,14.2,-0.1,0.0,0.0,13.6
2023-01-26,Phoenix,15.6,1.8,0.0,0.0,19.8
2023-01-27,Phoenix,15.5,1.0,0.0,0.0,9.7
2023-01-28,Phoenix,16.7,0.8,0.0,0.0,11.6
2023-01-29,Phoenix,20.7,1.7,0.0,0.0,20.7
2023-01-30,Phoenix,15.2,6.8,0.8,0.0,17.5
2023-01-31,Phoenix,14.8,6.3,2.5,0.0,14.1
2023-02-01,Phoenix,17.5,4.5,0.0,0.0,18.4
2023-02-02,Phoenix,18.3,4.1,0.0,0.0,12.4
2023-02-03,Phoenix,22.9,6.8,0.0,0.0,22.0
2023-02-04,Phoenix,22.4,5.8,0.0,0.0,10.8
2023-02-05,Phoenix,22.3,5.1,0.0,0.0,13.3
2023-02-06,Phoenix,19.4,6.9,0.0,0.0,21.8
2023-02-07,Phoenix,19.2,3.7,0.0,0.0,17.4
2023-02-08,Phoenix,19.2,4.6,0.0,0.0,11.0
2023-02-09,Phoenix,19.9,2.5,0.0,0.0,26.8
2023-02-10,Phoenix,21.7,7.5,0.0,0.0,32.6
2023-02-11,Phoenix,24.5,9.6,0.0,0.0,27.0
2023-02-12,Phoenix,24.5,8.3,0.0,0.0,28.5
2023-02-13,Phoenix,13.4,7.1,4.8,0.0,17.4
2023-02-14,Phoenix,16.7,3.9,3.4,0.0,36.4
2023-02-15,Phoenix,11.9,2.9,0.0,0.0,24.5
2023-02-16,Phoenix,13.7,-0.3,0.0,0.0,16.1
2023-02-17,Phoenix,18.4,4.5,0.0,0.0,32.2
2023-02-18,Phoenix,22.1,10.0,0.0,0.0,18.3
2023-02-19,Phoenix,23.3,7.5,0.0,0.0,17.6
2023-02-20,Phoenix,23.6,9.5,0.0,0.0,9.2
2023-02-21,Phoenix,17.4,11.8,9.1,0.0,18.7
2023-02-22,Phoenix,13.7,6.1,4.3,0.0,45.2
2023-02-23,Phoenix,14.9,6.1,0.0,0.0,24.1
2023-02-24,Phoenix,17.6,4.9,0.0,0.0,10.6
2023-02-25,Phoenix,23.5,8.2,0.0,0.0,26.1
2023-02-26,Phoenix,15.4,6.7,4.9,0.0,22.1
2023-02-27,Phoenix,16.3,2.4,0.0,0.0,8.9
2023-02-28,Phoenix,17.5,3.5,0.0,0.0,22.8
2023-03-01,Phoenix,16.1,5.4,15.0,0.0,41.3
2023-03-02,Phoenix,11.0,1.2,0.5,0.0,19.5
2023-03-03,Phoenix,14.3,2.6,0.0,0.0,12.1
2023-03-04,Phoenix,18.9,3.5,0.0,0.0,12.3
2023-03-05,Phoenix,21.2,5.1,0.0,0.0,12.1
2023-03-06,Phoenix,21.6,7.8,0.0,0.0,9.4
2023-03-07,Phoenix,22.6,11.2,0.0,0.0,8.2
2023-03-08,Phoenix,24.0,5.1,0.0,0.0,13.3
2023-03-09,Phoenix,21.8,6.5,0.0,0.0,10.0
2023-03-10,Phoenix,26.1,7.2,0.0,0.0,13.0
2023-03-11,Phoenix,25.5,15.6,0.1,0.0,21.0
2023-03-12,Phoenix,26.9,11.6,0.0,0.0,26.8
2023-03-13,Phoenix,26.6,9.7,0.0,0.0,22.7
2023-03-14,Phoenix,26.5,9.7,0.0,0.0,13.2
2023-03-15,Phoenix,18.3,12.1,25.1,0.0,15.5
2023-03-16,Phoenix,19.6,10.8,3.9,0.0,16.6
2023-03-17,Phoenix,20.2,8.0,0.2,0.0,17.1
2023-03-18,Phoenix,22.2,8.5,0.0,0.0,21.2
2023-03-19,Phoenix,21.3,10.8,0.0,0.0,25.7
2023-03-20,Phoenix,22.8,10.7,0.0,0.0,13.1
2023-03-21,Phoenix,17.6,14.0,12.7,0.0,17.7
2023-03-22,Phoenix,16.1,9.2,4.5,0.0,23.1
2023-03-23,Phoenix,18.2,6.4,0.0,0.0,16.4
2023-03-24,Phoenix,18.7,7.2,0.0,0.0,22.4
2023-03-25,Phoenix,20.2,5.3,0.0,0.0,18.6
2023-03-26,Phoenix,19.4,5.5,0.0,0.0,15.5
2023-03-27,Phoenix,21.4,4.6,0.0,0.0,15.6
2023-03-28,Phoenix,26.7,7.1,0.0,0.0,11.5
2023-03-29,Phoenix,26.8,8.5,0.0,0.0,18.2
2023-03-30,Phoenix,19.5,12.6,0.3,0.0,33.5
2023-03-31,Phoenix,21.0,6.7,0.0,0.0,15.4
2023-04-01,Phoenix,26.7,8.1,0.0,0.0,20.6
2023-04-02,Phoenix,27.7,9.8,0.0,0.0,16.5
2023-04-03,Phoenix,26.2,11.7,0.0,0.0,35.7
2023-04-04,Phoenix,16.5,6.7,0.0,0.0,29.3
2023-04-05,Phoenix,19.9,3.7,0.0,0.0,17.1
2023-04-06,Phoenix,26.1,7.3,0.0,0.0,16.2
2023-04-07,Phoenix,28.2,9.8,0.0,0.0,16.4
2023-04-08,Phoenix,29.0,10.6,0.0,0.0,12.1
2023-04-09,Phoenix,32.1,12.7,0.0,0.0,10.0
2023-04-10,Phoenix,36.5,16.7,0.0,0.0,17.5
2023-04-11,Phoenix,36.4,18.6,0.0,0.0,18.5
2023-04-12,Phoenix,34.9,20.4,0.0,0.0,18.1
2023-04-13,Phoenix,29.3,17.2,0.0,0.0,25.2
2023-04-14,Phoenix,25.6,13.7,0.0,0.0,16.9
2023-04-15,Phoenix,29.2,12.3,0.0,0.0,13.7
2023-04-16,Phoenix,32.5,14.3,0.0,0.0,14.1
2023-04-17,Phoenix,32.6,17.4,0.0,0.0,16.2
2023-04-18,Phoenix,30.2,15.7,0.0,0.0,20.7
2023-04-19,Phoenix,27.3,15.6,0.0,0.0,24.8
2023-04-20,Phoenix,29.1,11.9,0.0,0.0,19.0
2023-04-21,Phoenix,32.1,14.8,0.0,0.0,17.5
2023-04-22,Phoenix,33.5,16.9,0.0,0.0,23.4
2023-04-23,Phoenix,34.1,18.6,0.0,0.0,22.0
2023-04-24,Phoenix,33.2,18.9,0.0,0.0,23.7
2023-04-25,Phoenix,32.1,17.8,0.0,0.0,28.9
2023-04-26,Phoenix,31.6,17.3,0.0,0.0,25.6
2023-04-27,Phoenix,34.8,16.9,0.0,0.0,18.0
2023-04-28,Phoenix,36.7,19.9,0.0,0.0,19.9
2023-04-29,Phoenix,37.2,19.3,0.0,0.0,20.8
2023-04-30,Phoenix,38.9,18.0,0.0,0.0,18.4
2023-05-01,Phoenix,35.4,21.5,0.0,0.0,35.7
2023-05-02,Phoenix,32.3,16.4,0.0,0.0,21.3
2023-05-03,Phoenix,30.9,18.7,0.0,0.0,28.7
2023-05-04,Phoenix,26.8,16.3,0.0,0.0,23.3
2023-05-05,Phoenix,26.9,14.3,0.0,0.0,18.2
2023-05-06,Phoenix,29.6,15.3,0.0,0.0,17.3
2023-05-07,Phoenix,31.5,16.4,0.0,0.0,14.7
2023-05-08,Phoenix,33.1,16.3,0.0,0.0,16.8
2023-05-09,Phoenix,33.7,18.5,0.0,0.0,20.9
2023-05-10,Phoenix,26.7,18.1,0.1,0.0,20.9
2023-05-11,Phoenix,31.6,14.2,0.0,0.0,11.0
2023-05-12,Phoenix,35.3,18.6,0.0,0.0,19.2
2023-05-13,Phoenix,36.4,20.5,0.0,0.0,17.7
2023-05-14,Phoenix,36.8,23.0,0.0,0.0,25.0
2023-05-15,Phoenix,38.3,24.6,0.0,0.0,20.1
2023-05-16,Phoenix,37.9,24.9,0.0,0.0,36.5
2023-05-17,Phoenix,37.2,23.5,0.0,0.0,20.6
2023-05-18,Phoenix,36.6,24.3,0.1,0.0,30.2
2023-05-19,Phoenix,33.5,22.4,0.0,0.0,29.3
2023-05-20,Phoenix,34.8,20.8,0.0,0.0,18.8
2023-05-21,Phoenix,37.6,23.6,0.0,0.0,24.3
2023-05-22,Phoenix,37.5,23.8,0.0,0.0,18.1
2023-05-23,Phoenix,38.0,23.0,0.0,0.0,23.1
2023-05-24,Phoenix,36.2,22.2,0.0,0.0,23.2
2023-05-25,Phoenix,36.8,21.6,0.0,0.0,23.8
2023-05-26,Phoenix,35.2,20.8,0.0,0.0,21.0
2023-05-27,Phoenix,35.6,20.2,0.0,0.0,16.1
2023-05-28,Phoenix,36.5,20.4,0.0,0.0,18.4
2023-05-29,Phoenix,37.2,21.5,0.0,0.0,23.4
2023-05-30,Phoenix,36.7,20.7,0.0,0.0,29.4
2023-05-31,Phoenix,31.3,19.1,0.0,0.0,25.7
2023-06-01,Phoenix,32.2,18.5,0.0,0.0,16.6
2023-06-02,Phoenix,34.6,20.8,0.0,0.0,15.4
2023-06-03,Phoenix,37.3,22.3,0.0,0.0,15.8
2023-06-04,Phoenix,38.9,24.5,0.0,0.0,19.1
2023-06-05,Phoenix,40.2,23.6,0.0,0.0,26.2
2023-06-06,Phoenix,37.4,21.5,0.0,0.0,27.0
2023-06-07,Phoenix,34.8,19.2,0.0,0.0,19.0
2023-06-08,Phoenix,34.8,19.3,0.0,0.0,17.3
2023-06-09,Phoenix,35.2,19.5,0.0,0.0,16.2
2023-06-10,Phoenix,37.8,20.3,0.0,0.0,23.8
2023-06-11,Phoenix,32.4,21.1,0.0,0.0,24.9
2023-06-12,Phoenix,32.7,19.8,0.0,0.0,13.8
2023-06-13,Phoenix,34.9,21.2,0.0,0.0,18.6
2023-06-14,Phoenix,36.8,23.3,0.0,0.0,19.6
2023-06-15,Phoenix,36.7,22.5,0.0,0.0,18.6
2023-06-16,Phoenix,38.3,23.3,0.0,0.0,23.7
2023-06-17,Phoenix,39.6,23.3,0.0,0.0,13.4
2023-06-18,Phoenix,40.9,25.8,0.0,0.0,29.2
2023-06-19,Phoenix,39.2,25.4,0.0,0.0,24.3
2023-06-20,Phoenix,38.5,25.0,0.0,0.0,20.4
2023-06-21,Phoenix,39.4,23.4,0.0,0.0,18.8
2023-06-22,Phoenix,39.4,23.2,0.0,0.0,20.4
2023-06-23,Phoenix,37.2,23.5,0.0,0.0,18.0
2023-06-24,Phoenix,39.5,19.9,0.0,0.0,12.6
2023-06-25,Phoenix,42.2,23.8,0.0,0.0,14.3
2023-06-26,Phoenix,43.2,28.8,0.0,0.0,18.3
2023-06-27,Phoenix,41.3,26.3,0.0,0.0,19.8
2023-06-28,Phoenix,41.0,24.8,0.0,0.0,25.7
2023-06-29,Phoenix,40.3,24.3,0.0,0.0,13.0
2023-06-30,Phoenix,41.9,25.7,0.0,0.0,17.4
2023-07-01,Phoenix,43.5,25.8,0.0,0.0,18.9
2023-07-02,Phoenix,44.3,27.2,0.0,0.0,24.9
2023-07-03,Phoenix,45.1,28.9,0.0,0.0,27.8
2023-07-04,Phoenix,43.4,29.4,0.0,0.0,29.3
2023-07-05,Phoenix,42.1,28.6,0.0,0.0,24.1
2023-07-06,Phoenix,44.8,27.8,0.0,0.0,20.5
2023-07-07,Phoenix,42.9,27.8,0.0,0.0,17.4
2023-07-08,Phoenix,43.8,28.4,0.0,0.0,16.4
2023-07-09,Phoenix,42.8,29.9,0.0,0.0,20.3
2023-07-10,Phoenix,43.0,30.2,0.0,0.0,25.8
2023-07-11,Phoenix,43.0,31.8,0.0,0.0,21.3
2023-07-12,Phoenix,43.5,33.1,0.0,0.0,18.7
2023-07-13,Phoenix,44.4,33.1,0.0,0.0,22.7
2023-07-14,Phoenix,45.1,32.4,0.0,0.0,22.2
2023-07-15,Phoenix,46.1,32.2,0.0,0.0,26.4
2023-07-16,Phoenix,44.3,32.7,0.0,0.0,26.5
2023-07-17,Phoenix,45.0,32.2,0.0,0.0,20.4
2023-07-18,Phoenix,46.4,33.4,0.0,0.0,21.2
2023-07-19,Phoenix,46.6,33.6,0.0,0.0,20.9
2023-07-20,Phoenix,46.8,32.0,0.0,0.0,22.1
2023-07-21,Phoenix,45.9,31.8,0.0,0.0,19.9
2023-07-22,Phoenix,44.9,33.6,0.0,0.0,15.3
2023-07-23,Phoenix,43.9,31.9,0.0,0.0,20.9
2023-07-24,Phoenix,43.6,32.3,0.0,0.0,26.1
2023-07-25,Phoenix,46.2,31.6,0.0,0.0,19.8
2023-07-26,Phoenix,45.4,33.3,0.0,0.0,32.5
2023-07-27,Phoenix,44.4,30.3,0.0,0.0,23.9
2023-07-28,Phoenix,43.5,33.2,0.0,0.0,20.4
2023-07-29,Phoenix,42.9,32.5,0.0,0.0,14.9
2023-07-30,Phoenix,41.9,33.0,0.2,0.0,20.4
2023-07-31,Phoenix,39.7,26.9,0.4,0.0,22.8
2023-08-01,Phoenix,40.4,27.8,0.0,0.0,19.1
2023-08-02,Phoenix,41.2,30.7,0.0,0.0,18.4
2023-08-03,Phoenix,43.3,30.9,0.0,0.0,18.7
2023-08-04,Phoenix,43.9,27.9,0.0,0.0,20.3
2023-08-05,Phoenix,44.9,30.9,0.0,0.0,20.2
2023-08-06,Phoenix,43.2,30.0,0.0,0.0,22.2
2023-08-07,Phoenix,42.8,31.3,0.0,0.0,21.3
2023-08-08,Phoenix,40.5,30.5,0.3,0.0,31.8
2023-08-09,Phoenix,39.9,26.5,0.2,0.0,18.4
2023-08-10,Phoenix,41.8,28.9,0.0,0.0,21.6
2023-08-11,Phoenix,40.0,29.7,0.0,0.0,22.2
2023-08-12,Phoenix,40.3,28.2,0.0,0.0,16.5
2023-08-13,Phoenix,40.6,28.5,0.0,0.0,25.9
2023-08-14,Phoenix,41.4,28.3,0.0,0.0,10.4
2023-08-15,Phoenix,41.8,31.2,0.0,0.0,22.7
2023-08-16,Phoenix,44.1,31.4,0.0,0.0,25.4
2023-08-17,Phoenix,42.3,30.2,0.0,0.0,22.4
2023-08-18,Phoenix,40.0,29.2,0.0,0.0,24.3
2023-08-19,Phoenix,34.9,27.3,0.4,0.0,24.5
2023-08-20,Phoenix,37.9,26.2,2.0,0.0,39.5
2023-08-21,Phoenix,31.6,23.0,19.6,0.0,17.7
2023-08-22,Phoenix,37.4,23.1,0.0,0.0,16.2
2023-08-23,Phoenix,40.4,26.9,0.0,0.0,26.7
2023-08-24,Phoenix,39.0,26.9,0.0,0.0,15.4
2023-08-25,Phoenix,42.4,28.2,0.0,0.0,16.2
2023-08-26,Phoenix,43.1,29.8,0.0,0.0,29.6
2023-08-27,Phoenix,43.4,30.6,0.0,0.0,23.4
2023-08-28,Phoenix,45.1,31.6,0.0,0.0,15.6
2023-08-29,Phoenix,45.0,31.9,0.0,0.0,18.5
2023-08-30,Phoenix,43.5,31.5,0.0,0.0,14.6
2023-08-31,Phoenix,40.8,28.6,0.6,0.0,24.9
2023-09-01,Phoenix,33.8,24.3,2.0,0.0,19.8
2023-09-02,Phoenix,33.0,24.3,0.8,0.0,17.1
2023-09-03,Phoenix,35.1,23.5,0.0,0.0,13.6
2023-09-04,Phoenix,35.7,25.8,0.0,0.0,15.8
2023-09-05,Phoenix,37.7,21.1,0.0,0.0,15.5
2023-09-06,Phoenix,39.7,22.6,0.0,0.0,13.4
2023-09-07,Phoenix,41.5,24.5,0.0,0.0,14.5
2023-09-08,Phoenix,42.5,28.5,0.0,0.0,15.9
2023-09-09,Phoenix,43.8,29.3,0.0,0.0,13.4
2023-09-10,Phoenix,44.4,29.2,0.0,0.0,38.0
2023-09-11,Phoenix,40.5,28.9,0.0,0.0,27.8
2023-09-12,Phoenix,36.9,24.2,6.9,0.0,18.3
2023-09-13,Phoenix,32.9,22.7,3.4,0.0,27.5
2023-09-14,Phoenix,36.2,22.2,0.0,0.0,12.6
2023-09-15,Phoenix,37.4,21.6,0.0,0.0,15.5
2023-09-16,Phoenix,39.1,22.5,0.0,0.0,20.6
2023-09-17,Phoenix,39.1,24.0,0.0,0.0,18.8
2023-09-18,Phoenix,38.3,22.8,0.0,0.0,18.0
2023-09-19,Phoenix,36.6,21.6,0.0,0.0,12.6
2023-09-20,Phoenix,37.8,20.8,0.0,0.0,28.0
2023-09-21,Phoenix,36.5,19.9,0.0,0.0,21.4
2023-09-22,Phoenix,35.5,20.4,0.0,0.0,14.9
2023-09-23,Phoenix,34.0,22.6,0.0,0.0,12.0
2023-09-24,Phoenix,36.1,20.0,0.0,0.0,9.7
2023-09-25,Phoenix,37.8,20.1,0.0,0.0,12.2
2023-09-26,Phoenix,39.2,21.0,0.0,0.0,15.0
2023-09-27,Phoenix,39.2,19.8,0.0,0.0,11.9
2023-09-28,Phoenix,38.8,21.8,0.0,0.0,13.3
2023-09-29,Phoenix,38.3,20.3,0.0,0.0,15.5
2023-09-30,Phoenix,36.6,21.2,0.0,0.0,34.2
2023-10-01,Phoenix,30.6,20.5,0.1,0.0,19.4
2023-10-02,Phoenix,29.1,18.2,0.0,0.0,14.4
2023-10-03,Phoenix,30.3,16.2,0.0,0.0,11.7
2023-10-04,Phoenix,33.2,15.9,0.0,0.0,9.8
2023-10-05,Phoenix,36.2,18.4,0.0,0.0,10.0
2023-10-06,Phoenix,39.3,21.1,0.0,0.0,19.6
2023-10-07,Phoenix,38.9,25.8,0.0,0.0,27.2
2023-10-08,Phoenix,36.7,23.8,0.0,0.0,16.7
2023-10-09,Phoenix,36.8,22.0,0.0,0.0,19.4
2023-10-10,Phoenix,35.7,20.7,0.0,0.0,20.6
2023-10-11,Phoenix,32.8,20.5,0.0,0.0,25.8
2023-10-12,Phoenix,31.1,17.2,0.0,0.0,18.7
2023-10-13,Phoenix,31.0,15.4,0.0,0.0,11.2
2023-10-14,Phoenix,33.1,17.2,0.0,0.0,9.5
2023-10-15,Phoenix,37.0,17.3,0.0,0.0,10.9
2023-10-16,Phoenix,38.7,19.8,0.0,0.0,16.0
2023-10-17,Phoenix,37.0,21.4,0.0,0.0,11.4
2023-10-18,Phoenix,37.0,18.4,0.0,0.0,13.4
2023-10-19,Phoenix,39.0,18.3,0.0,0.0,11.5
2023-10-20,Phoenix,38.6,19.3,0.0,0.0,14.8
2023-10-21,Phoenix,37.1,18.5,0.0,0.0,15.7
2023-10-22,Phoenix,34.6,18.1,0.0,0.0,10.5
2023-10-23,Phoenix,30.0,19.7,0.0,0.0,14.1
2023-10-24,Phoenix,27.9,17.8,0.0,0.0,16.5
2023-10-25,Phoenix,28.1,16.8,0.0,0.0,15.9
2023-10-26,Phoenix,28.1,17.5,0.0,0.0,11.6
2023-10-27,Phoenix,29.4,15.4,0.0,0.0,13.1
2023-10-28,Phoenix,29.1,15.9,0.0,0.0,19.7
2023-10-29,Phoenix,25.8,13.0,0.0,0.0,13.4
2023-10-30,Phoenix,25.7,9.4,0.0,0.0,26.6
2023-10-31,Phoenix,27.3,12.4,0.0,0.0,25.7
2023-11-01,Phoenix,27.8,12.1,0.0,0.0,22.4
2023-11-02,Phoenix,28.3,10.2,0.0,0.0,9.8
2023-11-03,Phoenix,29.1,9.7,0.0,0.0,10.2
2023-11-04,Phoenix,30.9,10.7,0.0,0.0,11.4
2023-11-05,Phoenix,32.2,12.0,0.0,0.0,13.2
2023-11-06,Phoenix,32.2,13.3,0.0,0.0,10.8
2023-11-07,Phoenix,30.1,13.4,0.0,0.0,15.7
2023-11-08,Phoenix,25.5,12.7,0.0,0.0,17.4
2023-11-09,Phoenix,24.0,10.0,0.0,0.0,15.8
2023-11-10,Phoenix,23.6,10.2,0.0,0.0,12.0
2023-11-11,Phoenix,26.2,10.1,0.0,0.0,15.8
2023-11-12,Phoenix,28.0,11.7,0.0,0.0,20.9
2023-11-13,Phoenix,29.8,14.4,0.0,0.0,21.4
2023-11-14,Phoenix,30.3,17.8,0.0,0.0,19.2
2023-11-15,Phoenix,30.4,17.3,0.0,0.0,15.8
2023-11-16,Phoenix,24.3,17.3,6.3,0.0,18.4
2023-11-17,Phoenix,25.8,14.2,0.0,0.0,11.2
2023-11-18,Phoenix,23.6,15.8,15.7,0.0,15.0
2023-11-19,Phoenix,22.1,12.8,0.0,0.0,26.0
2023-11-20,Phoenix,22.1,8.0,0.0,0.0,14.8
2023-11-21,Phoenix,24.1,10.6,0.0,0.0,18.9
2023-11-22,Phoenix,23.5,9.0,0.0,0.0,14.3
2023-11-23,Phoenix,21.7,8.3,0.0,0.0,13.9
2023-11-24,Phoenix,21.0,9.0,0.3,0.0,23.5
2023-11-25,Phoenix,19.4,8.7,0.0,0.0,10.9
2023-11-26,Phoenix,21.2,5.8,0.0,0.0,17.6
2023-11-27,Phoenix,22.8,10.7,0.0,0.0,18.0
2023-11-28,Phoenix,24.7,10.5,0.0,0.0,18.5
2023-11-29,Phoenix,21.4,8.4,0.1,0.0,15.1
2023-11-30,Phoenix,18.0,8.9,0.9,0.0,20.0
2023-12-01,Phoenix,17.2,7.7,2.1,0.0,12.3
2023-12-02,Phoenix,17.5,5.6,0.0,0.0,10.6
2023-12-03,Phoenix,18.9,4.2,0.0,0.0,8.7
2023-12-04,Phoenix,20.3,4.6,0.0,0.0,8.7
2023-12-05,Phoenix,26.7,7.2,0.0,0.0,14.5
2023-12-06,Phoenix,27.0,10.1,0.0,0.0,15.7
2023-12-07,Phoenix,23.3,7.8,0.0,0.0,10.2
2023-12-08,Phoenix,20.7,4.9,0.0,0.0,9.1
2023-12-09,Phoenix,18.6,5.9,0.0,0.0,17.3
2023-12-10,Phoenix,21.9,3.5,0.0,0.0,20.0
2023-12-11,Phoenix,20.8,4.1,0.0,0.0,11.7
2023-12-12,Phoenix,20.5,7.9,0.0,0.0,11.1
2023-12-13,Phoenix,19.7,3.9,0.0,0.0,11.5
2023-12-14,Phoenix,19.4,3.8,0.0,0.0,10.7
2023-12-15,Phoenix,23.3,5.5,0.0,0.0,16.0
2023-12-16,Phoenix,25.8,10.0,0.0,0.0,24.5
2023-12-17,Phoenix,25.5,7.9,0.0,0.0,11.7
2023-12-18,Phoenix,25.4,9.4,0.0,0.0,14.7
2023-12-19,Phoenix,22.3,11.3,0.0,0.0,12.8
2023-12-20,Phoenix,20.4,12.0,12.2,0.0,21.9
2023-12-21,Phoenix,22.2,9.9,0.0,0.0,11.7
2023-12-22,Phoenix,15.5,11.6,18.7,0.0,23.8
2023-12-23,Phoenix,15.5,9.0,4.0,0.0,16.4
2023-12-24,Phoenix,15.7,6.4,0.0,0.0,8.4
2023-12-25,Phoenix,15.7,5.8,0.0,0.0,9.8
2023-12-26,Phoenix,15.3,4.2,0.0,0.0,9.3
2023-12-27,Phoenix,16.1,3.2,0.0,0.0,9.3
2023-12-28,Phoenix,17.0,4.2,0.0,0.0,9.5
2023-12-29,Phoenix,20.0,4.3,0.0,0.0,20.0
2023-12-30,Phoenix,21.2,6.9,0.0,0.0,17.5
2023-12-31,Phoenix,16.2,5.0,0.0,0.0,10.0
2024-01-01,Phoenix,18.0,5.7,0.0,0.0,12.6
2024-01-02,Phoenix,16.5,4.1,0.0,0.0,10.5
2024-01-03,Phoenix,16.4,3.9,0.8,0.0,30.6
2024-01-04,Phoenix,14.5,5.2,0.6,0.0,13.6
2024-01-05,Phoenix,13.6,2.5,0.0,0.0,10.1
2024-01-06,Phoenix,14.7,1.6,0.0,0.0,9.7
2024-01-07,Phoenix,11.4,4.6,1.9,0.0,29.4
2024-01-08,Phoenix,10.1,0.2,0.0,0.0,15.1
2024-01-09,Phoenix,11.0,-0.7,0.0,0.0,10.2
2024-01-10,Phoenix,13.2,-0.7,0.0,0.0,8.8
2024-01-11,Phoenix,14.0,0.9,1.3,0.0,39.3
2024-01-12,Phoenix,12.3,-1.1,0.0,0.0,12.3
2024-01-13,Phoenix,15.2,-0.5,0.0,0.0,8.4
2024-01-14,Phoenix,17.3,2.4,0.0,0.0,9.8
2024-01-15,Phoenix,17.9,1.6,0.0,0.0,10.4
2024-01-16,Phoenix,19.1,2.5,0.0,0.0,10.2
2024-01-17,Phoenix,20.0,3.7,0.0,0.0,10.3
2024-01-18,Phoenix,22.4,5.4,0.0,0.0,9.1
2024-01-19,Phoenix,24.2,7.4,0.0,0.0,11.9
2024-01-20,Phoenix,22.4,8.6,0.0,0.0,11.3
2024-01-21,Phoenix,13.6,10.0,4.6,0.0,12.4
2024-01-22,Phoenix,16.9,7.4,11.3,0.0,16.9
2024-01-23,Phoenix,14.4,9.4,25.0,0.0,28.4
2024-01-24,Phoenix,16.4,8.8,0.1,0.0,8.9
2024-01-25,Phoenix,17.2,7.1,0.1,0.0,14.0
2024-01-26,Phoenix,18.1,5.9,0.0,0.0,13.7
2024-01-27,Phoenix,20.6,5.9,0.0,0.0,16.6
2024-01-28,Phoenix,22.8,8.2,0.0,0.0,25.6
2024-01-29,Phoenix,23.9,8.5,0.0,0.0,12.6
2024-01-30,Phoenix,24.0,7.9,0.0,0.0,11.2
2024-01-31,Phoenix,24.5,8.9,0.0,0.0,13.2
2024-02-01,Phoenix,24.6,11.3,8.8,0.0,30.0
2024-02-02,Phoenix,15.9,7.3,14.0,0.0,25.7
2024-02-03,Phoenix,16.0,4.8,0.0,0.0,15.2
2024-02-04,Phoenix,18.4,4.8,0.0,0.0,12.9
2024-02-05,Phoenix,23.1,6.6,0.0,0.0,16.1
2024-02-06,Phoenix,16.2,10.9,10.3,0.0,28.5
2024-02-07,Phoenix,13.5,7.1,14.0,0.0,18.3
2024-02-08,Phoenix,13.4,4.2,3.0,0.0,35.6
2024-02-09,Phoenix,13.1,2.0,0.0,0.0,11.6
2024-02-10,Phoenix,12.7,4.9,6.5,0.42,17.5
2024-02-11,Phoenix,13.7,3.2,0.0,0.0,9.7
2024-02-12,Phoenix,16.3,2.6,0.0,0.0,10.2
2024-02-13,Phoenix,18.5,4.0,0.0,0.0,13.1
2024-02-14,Phoenix,18.4,4.2,0.0,0.0,8.5
2024-02-15,Phoenix,20.0,4.9,0.0,0.0,9.1
2024-02-16,Phoenix,20.2,5.5,0.0,0.0,9.2
2024-02-17,Phoenix,21.4,6.7,0.0,0.0,9.8
2024-02-18,Phoenix,22.3,7.3,0.4,0.0,10.4
2024-02-19,Phoenix,24.0,8.3,0.0,0.0,12.3
2024-02-20,Phoenix,24.2,8.3,0.0,0.0,10.0
2024-02-21,Phoenix,21.1,8.6,0.0,0.0,19.9
2024-02-22,Phoenix,22.0,8.6,0.0,0.0,10.8
2024-02-23,Phoenix,25.0,8.9,0.0,0.0,11.0
2024-02-24,Phoenix,24.8,9.9,0.0,0.0,11.4
2024-02-25,Phoenix,26.9,10.2,0.0,0.0,10.3
2024-02-26,Phoenix,23.0,13.9,0.0,0.0,24.4
2024-02-27,Phoenix,23.6,12.3,0.0,0.0,14.4
2024-02-28,Phoenix,23.9,10.0,0.1,0.0,33.3
2024-02-29,Phoenix,23.1,9.1,0.0,0.0,11.4
2024-03-01,Phoenix,24.8,9.1,0.0,0.0,13.7
2024-03-02,Phoenix,23.9,8.2,0.0,0.0,20.4
2024-03-03,Phoenix,21.5,10.4,0.0,0.0,23.0
2024-03-04,Phoenix,21.8,8.8,0.0,0.0,17.3
2024-03-05,Phoenix,23.2,7.7,0.0,0.0,9.8
2024-03-06,Phoenix,23.1,9.8,0.0,0.0,16.9
2024-03-07,Phoenix,17.5,9.7,5.7,0.0,18.5
2024-03-08,Phoenix,19.4,8.6,1.0,0.0,19.2
2024-03-09,Phoenix,21.9,8.3,0.0,0.0,13.7
2024-03-10,Phoenix,25.1,8.9,0.0,0.0,20.5
2024-03-11,Phoenix,26.1,10.4,0.0,0.0,14.1
2024-03-12,Phoenix,24.7,8.6,0.0,0.0,13.9
2024-03-13,Phoenix,24.4,9.2,0.0,0.0,26.6
2024-03-14,Phoenix,21.4,8.6,0.8,0.0,22.3
2024-03-15,Phoenix,16.7,9.1,10.1,0.0,27.8
2024-03-16,Phoenix,17.3,6.5,0.0,0.0,12.6
2024-03-17,Phoenix,18.4,8.2,0.5,0.0,12.0
2024-03-18,Phoenix,20.3,7.9,0.0,0.0,31.9
2024-03-19,Phoenix,22.4,8.5,0.0,0.0,14.5
2024-03-20,Phoenix,23.7,8.9,0.2,0.0,10.8
2024-03-21,Phoenix,26.6,10.0,0.0,0.0,17.3
2024-03-22,Phoenix,28.0,11.3,0.0,0.0,10.7
2024-03-23,Phoenix,27.2,12.9,0.0,0.0,26.4
2024-03-24,Phoenix,18.5,10.5,7.0,0.0,33.5
2024-03-25,Phoenix,20.9,6.8,0.5,0.0,24.1
2024-03-26,Phoenix,20.6,9.0,0.2,0.0,23.3
2024-03-27,Phoenix,23.6,7.6,0.0,0.0,13.4
2024-03-28,Phoenix,27.2,9.5,0.0,0.0,12.0
2024-03-29,Phoenix,28.5,11.2,0.0,0.0,22.4
2024-03-30,Phoenix,28.2,13.3,0.0,0.0,36.0
2024-03-31,Phoenix,15.8,10.1,15.1,0.0,20.6
2024-04-01,Phoenix,15.9,9.3,5.1,0.0,11.6
2024-04-02,Phoenix,22.3,7.6,0.0,0.0,14.8
2024-04-03,Phoenix,25.0,8.9,0.0,0.0,9.4
2024-04-04,Phoenix,29.1,9.9,0.0,0.0,18.3
2024-04-05,Phoenix,18.5,11.4,0.0,0.0,31.6
2024-04-06,Phoenix,18.0,7.4,0.0,0.0,24.2
2024-04-07,Phoenix,22.5,5.6,0.0,0.0,10.9
2024-04-08,Phoenix,24.0,8.3,0.0,0.0,16.6
2024-04-09,Phoenix,28.7,9.4,0.0,0.0,22.1
2024-04-10,Phoenix,29.2,9.9,0.0,0.0,13.0
2024-04-11,Phoenix,32.6,11.5,0.0,0.0,13.4
2024-04-12,Phoenix,33.3,14.5,0.0,0.0,26.3
2024-04-13,Phoenix,31.1,14.2,0.0,0.0,21.7
2024-04-14,Phoenix,27.3,13.8,0.0,0.0,26.2
2024-04-15,Phoenix,24.8,11.6,0.0,0.0,17.6
2024-04-16,Phoenix,30.0,11.7,0.0,0.0,14.4
2024-04-17,Phoenix,32.7,13.2,0.0,0.0,15.2
2024-04-18,Phoenix,33.0,14.0,0.0,0.0,14.2
2024-04-19,Phoenix,33.8,14.9,0.0,0.0,14.3
2024-04-20,Phoenix,34.1,17.5,0.0,0.0,15.5
2024-04-21,Phoenix,35.7,17.4,0.0,0.0,13.6
2024-04-22,Phoenix,36.2,17.7,0.0,0.0,24.6
2024-04-23,Phoenix,35.0,18.1,0.0,0.0,20.9
2024-04-24,Phoenix,33.4,17.1,0.0,0.0,21.6
2024-04-25,Phoenix,27.7,16.7,0.0,0.0,25.6
2024-04-26,Phoenix,26.3,16.3,0.1,0.0,33.7
2024-04-27,Phoenix,27.1,14.5,0.0,0.0,20.6
2024-04-28,Phoenix,29.7,14.1,0.0,0.0,11.9
2024-04-29,Phoenix,32.3,15.1,0.0,0.0,12.7
2024-04-30,Phoenix,34.2,18.0,0.0,0.0,25.9
2024-05-01,Phoenix,33.0,17.3,0.0,0.0,20.8
2024-05-02,Phoenix,32.8,17.5,0.0,0.0,17.1
2024-05-03,Phoenix,33.1,19.2,0.0,0.0,18.7
2024-05-04,Phoenix,34.2,19.0,0.0,0.0,20.9
2024-05-05,Phoenix,28.8,19.4,0.0,0.0,31.9
2024-05-06,Phoenix,29.6,14.8,0.0,0.0,19.2
2024-05-07,Phoenix,32.0,14.5,0.0,0.0,21.3
2024-05-08,Phoenix,32.2,16.3,0.0,0.0,27.1
2024-05-09,Phoenix,30.3,15.0,0.0,0.0,21.2
2024-05-10,Phoenix,32.3,15.7,0.0,0.0,20.6
2024-05-11,Phoenix,33.8,16.7,0.0,0.0,31.6
2024-05-12,Phoenix,33.7,18.3,0.0,0.0,14.8
2024-05-13,Phoenix,36.7,19.4,0.0,0.0,22.7
2024-05-14,Phoenix,36.4,21.3,0.0,0.0,23.2
2024-05-15,Phoenix,35.4,21.3,0.0,0.0,20.6
2024-05-16,Phoenix,34.9,22.3,0.0,0.0,23.2
2024-05-17,Phoenix,38.0,21.8,0.0,0.0,24.7
2024-05-18,Phoenix,38.2,23.4,0.0,0.0,26.7
2024-05-19,Phoenix,36.4,22.5,0.0,0.0,24.4
2024-05-20,Phoenix,31.6,20.7,0.0,0.0,29.1
2024-05-21,Phoenix,34.6,17.1,0.0,0.0,19.7
2024-05-22,Phoenix,34.8,17.2,0.0,0.0,19.1
2024-05-23,Phoenix,34.8,18.1,0.0,0.0,17.2
2024-05-24,Phoenix,36.3,19.9,0.0,0.0,23.4
2024-05-25,Phoenix,31.5,20.3,0.0,0.0,24.8
2024-05-26,Phoenix,35.4,19.3,0.0,0.0,14.2
2024-05-27,Phoenix,38.0,21.9,0.0,0.0,17.8
2024-05-28,Phoenix,39.9,22.5,0.0,0.0,19.6
2024-05-29,Phoenix,38.4,22.3,0.0,0.0,18.9
2024-05-30,Phoenix,38.8,21.7,0.0,0.0,19.6
2024-05-31,Phoenix,39.5,22.2,0.0,0.0,19.4
2024-06-01,Phoenix,40.0,22.3,0.0,0.0,21.0
2024-06-02,Phoenix,38.5,22.5,0.0,0.0,20.8
2024-06-03,Phoenix,38.3,22.2,0.0,0.0,18.4
2024-06-04,Phoenix,39.5,24.0,0.0,0.0,17.2
2024-06-05,Phoenix,41.3,25.0,0.0,0.0,23.1
2024-06-06,Phoenix,43.1,26.5,0.0,0.0,22.6
2024-06-07,Phoenix,43.2,27.8,0.0,0.0,19.9
2024-06-08,Phoenix,41.4,26.2,0.0,0.0,19.8
2024-06-09,Phoenix,40.3,25.9,0.0,0.0,25.7
2024-06-10,Phoenix,40.4,24.2,0.0,0.0,16.1
2024-06-11,Phoenix,43.0,25.3,0.0,0.0,22.5
2024-06-12,Phoenix,43.3,25.6,0.0,0.0,16.6
2024-06-13,Phoenix,43.2,28.2,0.0,0.0,12.3
2024-06-14,Phoenix,40.7,26.3,0.0,0.0,19.7
2024-06-15,Phoenix,43.7,25.1,0.0,0.0,23.5
2024-06-16,Phoenix,43.3,26.8,0.0,0.0,30.5
2024-06-17,Phoenix,39.8,25.5,0.0,0.0,23.8
2024-06-18,Phoenix,39.5,23.8,0.0,0.0,19.7
2024-06-19,Phoenix,39.0,25.5,0.0,0.0,15.8
2024-06-20,Phoenix,43.8,26.4,0.0,0.0,17.9
2024-06-21,Phoenix,45.7,31.8,0.0,0.0,27.8
2024-06-22,Phoenix,39.5,31.3,0.0,0.0,22.2
2024-06-23,Phoenix,40.3,29.8,0.0,0.0,16.2
2024-06-24,Phoenix,42.0,29.8,0.0,0.0,23.1
2024-06-25,Phoenix,39.9,29.4,0.2,0.0,18.1
2024-06-26,Phoenix,42.1,29.3,0.0,0.0,22.1
2024-06-27,Phoenix,43.3,31.5,0.0,0.0,23.8
2024-06-28,Phoenix,43.2,31.2,0.0,0.0,24.3
2024-06-29,Phoenix,42.9,31.0,0.0,0.0,16.6
2024-06-30,Phoenix,43.0,30.7,0.0,0.0,18.7
2024-07-01,Phoenix,40.7,28.7,0.2,0.0,22.9
2024-07-02,Phoenix,44.5,29.6,0.0,0.0,21.2
2024-07-03,Phoenix,43.9,29.1,0.0,0.0,30.0
2024-07-04,Phoenix,44.3,30.6,0.0,0.0,28.4
2024-07-05,Phoenix,46.8,29.7,0.0,0.0,23.8
2024-07-06,Phoenix,44.3,29.4,0.0,0.0,23.1
2024-07-07,Phoenix,44.3,30.1,0.0,0.0,22.0
2024-07-08,Phoenix,46.3,29.9,0.0,0.0,22.0
2024-07-09,Phoenix,44.8,29.8,0.0,0.0,18.4
2024-07-10,Phoenix,45.5,30.9,0.0,0.0,24.5
2024-07-11,Phoenix,44.1,29.9,0.0,0.0,29.1
2024-07-12,Phoenix,44.8,30.5,0.0,0.0,13.4
2024-07-13,Phoenix,42.9,31.4,0.0,0.0,28.0
2024-07-14,Phoenix,40.3,30.2,0.1,0.0,27.2
2024-07-15,Phoenix,41.0,29.2,0.0,0.0,25.9
2024-07-16,Phoenix,41.3,30.7,0.0,0.0,25.0
2024-07-17,Phoenix,42.7,30.6,0.0,0.0,21.7
2024-07-18,Phoenix,42.5,31.9,0.0,0.0,21.3
2024-07-19,Phoenix,43.7,31.7,0.0,0.0,20.0
2024-07-20,Phoenix,43.5,32.8,0.4,0.0,15.9
2024-07-21,Phoenix,38.7,31.2,1.3,0.0,35.1
2024-07-22,Phoenix,42.8,28.4,0.0,0.0,12.2
2024-07-23,Phoenix,43.5,32.0,0.0,0.0,21.1
2024-07-24,Phoenix,43.4,32.5,0.6,0.0,23.5
2024-07-25,Phoenix,43.3,32.6,2.6,0.0,24.0
2024-07-26,Phoenix,41.9,28.5,0.0,0.0,10.3
2024-07-27,Phoenix,42.7,29.9,0.0,0.0,23.0
2024-07-28,Phoenix,42.1,30.1,0.2,0.0,23.2
2024-07-29,Phoenix,42.1,29.5,0.0,0.0,19.2
2024-07-30,Phoenix,41.7,29.9,0.0,0.0,27.6
2024-07-31,Phoenix,43.1,28.7,0.0,0.0,30.5
2024-08-01,Phoenix,40.6,29.6,0.0,0.0,19.1
2024-08-02,Phoenix,41.8,28.5,2.0,0.0,18.5
2024-08-03,Phoenix,44.3,31.6,0.0,0.0,11.9
2024-08-04,Phoenix,45.6,32.0,0.0,0.0,18.0
2024-08-05,Phoenix,42.3,32.4,0.0,0.0,19.1
2024-08-06,Phoenix,42.2,32.2,0.0,0.0,28.7
2024-08-07,Phoenix,38.3,27.6,0.0,0.0,15.0
2024-08-08,Phoenix,39.0,30.0,0.1,0.0,18.0
2024-08-09,Phoenix,40.7,27.3,0.0,0.0,15.5
2024-08-10,Phoenix,42.6,31.0,0.0,0.0,31.0
2024-08-11,Phoenix,38.1,26.2,0.9,0.0,16.9
2024-08-12,Phoenix,41.0,29.7,0.0,0.0,18.9
2024-08-13,Phoenix,40.1,25.5,0.0,0.0,30.2
2024-08-14,Phoenix,42.1,31.2,0.0,0.0,19.8
2024-08-15,Phoenix,43.4,30.0,0.0,0.0,21.0
2024-08-16,Phoenix,43.3,31.9,0.0,0.0,23.1
2024-08-17,Phoenix,42.4,31.9,0.0,0.0,24.9
2024-08-18,Phoenix,37.4,25.1,3.2,0.0,18.7
2024-08-19,Phoenix,42.8,28.5,0.0,0.0,14.8
2024-08-20,Phoenix,43.4,30.8,0.0,0.0,26.3
2024-08-21,Phoenix,38.4,30.6,0.0,0.0,22.7
2024-08-22,Phoenix,40.1,29.3,5.7,0.0,23.6
2024-08-23,Phoenix,39.4,28.1,0.0,0.0,26.1
2024-08-24,Phoenix,40.0,26.5,0.0,0.0,27.8
2024-08-25,Phoenix,40.8,27.5,0.0,0.0,17.2
2024-08-26,Phoenix,41.3,26.2,0.0,0.0,13.3
2024-08-27,Phoenix,41.3,27.0,0.0,0.0,16.4
2024-08-28,Phoenix,39.3,30.4,0.0,0.0,20.8
2024-08-29,Phoenix,40.5,26.6,0.0,0.0,15.5
2024-08-30,Phoenix,41.8,27.7,0.0,0.0,38.8
2024-08-31,Phoenix,40.9,28.4,0.0,0.0,29.4
2024-09-01,Phoenix,41.7,27.2,0.0,0.0,21.1
2024-09-02,Phoenix,40.8,28.9,0.0,0.0,23.8
2024-09-03,Phoenix,40.7,29.3,0.0,0.0,21.9
2024-09-04,Phoenix,42.5,28.5,0.0,0.0,16.4
2024-09-05,Phoenix,44.6,28.8,0.0,0.0,16.2
2024-09-06,Phoenix,42.5,31.8,0.0,0.0,26.6
2024-09-07,Phoenix,40.9,30.9,0.0,0.0,34.2
2024-09-08,Phoenix,41.3,29.3,0.0,0.0,27.7
2024-09-09,Phoenix,41.4,27.3,0.0,0.0,20.0
2024-09-10,Phoenix,42.4,25.2,0.0,0.0,12.5
2024-09-11,Phoenix,41.8,23.9,0.0,0.0,26.7
2024-09-12,Phoenix,41.3,25.8,0.0,0.0,25.9
2024-09-13,Phoenix,39.7,23.3,0.0,0.0,21.2
2024-09-14,Phoenix,37.2,27.8,0.0,0.0,19.0
2024-09-15,Phoenix,39.3,27.0,0.0,0.0,23.1
2024-09-16,Phoenix,37.8,24.3,0.0,0.0,29.0
2024-09-17,Phoenix,32.6,22.9,0.0,0.0,15.0
2024-09-18,Phoenix,34.1,19.5,0.0,0.0,17.3
2024-09-19,Phoenix,34.8,21.8,0.0,0.0,20.8
2024-09-20,Phoenix,34.2,23.3,0.0,0.0,24.7
2024-09-21,Phoenix,31.7,19.7,0.0,0.0,17.7
2024-09-22,Phoenix,35.5,19.8,0.0,0.0,13.7
2024-09-23,Phoenix,38.3,22.6,0.0,0.0,13.6
2024-09-24,Phoenix,40.0,23.6,0.0,0.0,13.1
2024-09-25,Phoenix,42.6,25.0,0.0,0.0,17.5
2024-09-26,Phoenix,41.2,25.7,0.0,0.0,14.1
2024-09-27,Phoenix,43.2,25.3,0.0,0.0,11.3
2024-09-28,Phoenix,45.4,28.3,0.0,0.0,26.3
2024-09-29,Phoenix,43.1,28.9,0.0,0.0,21.2
2024-09-30,Phoenix,40.9,25.7,0.0,0.0,19.8
2024-10-01,Phoenix,43.4,25.8,0.0,0.0,28.7
2024-10-02,Phoenix,40.5,28.3,0.0,0.0,22.3
2024-10-03,Phoenix,41.4,23.5,0.0,0.0,16.2
2024-10-04,Phoenix,41.7,24.0,0.0,0.0,10.6
2024-10-05,Phoenix,40.9,24.6,0.0,0.0,15.5
2024-10-06,Phoenix,41.6,24.5,0.0,0.0,13.5
2024-10-07,Phoenix,41.6,24.8,0.0,0.0,21.0
2024-10-08,Phoenix,40.6,23.2,0.0,0.0,17.3
2024-10-09,Phoenix,39.3,23.1,0.0,0.0,12.7
2024-10-10,Phoenix,39.5,23.3,0.0,0.0,10.7
2024-10-11,Phoenix,38.8,21.9,0.0,0.0,16.0
2024-10-12,Phoenix,38.9,21.0,0.0,0.0,16.7
2024-10-13,Phoenix,38.3,21.2,0.0,0.0,14.9
2024-10-14,Phoenix,37.4,20.9,0.0,0.0,23.4
2024-10-15,Phoenix,34.7,20.4,0.0,0.0,12.4
2024-10-16,Phoenix,35.2,18.7,0.0,0.0,22.1
2024-10-17,Phoenix,31.1,19.9,0.0,0.0,11.4
2024-10-18,Phoenix,24.4,15.8,0.9,0.0,37.8
2024-10-19,Phoenix,21.4,12.5,0.6,0.0,14.0
2024-10-20,Phoenix,26.1,11.4,0.0,0.0,10.8
2024-10-21,Phoenix,30.0,12.8,0.0,0.0,8.9
2024-10-22,Phoenix,33.4,13.6,0.0,0.0,11.8
2024-10-23,Phoenix,35.0,15.5,0.0,0.0,13.8
2024-10-24,Phoenix,34.0,15.3,0.0,0.0,9.0
2024-10-25,Phoenix,34.8,14.4,0.0,0.0,10.4
2024-10-26,Phoenix,36.2,15.4,0.0,0.0,10.2
2024-10-27,Phoenix,34.4,17.1,0.0,0.0,11.8
2024-10-28,Phoenix,32.9,14.1,2.1,0.0,30.0
2024-10-29,Phoenix,22.3,15.0,3.7,0.0,22.9
2024-10-30,Phoenix,22.7,10.6,0.0,0.0,12.3
2024-10-31,Phoenix,25.3,8.9,0.0,0.0,11.0
2024-11-01,Phoenix,26.7,9.1,0.0,0.0,11.8
2024-11-02,Phoenix,24.6,9.2,1.8,0.0,19.6
2024-11-03,Phoenix,20.5,12.0,0.3,0.0,21.6
2024-11-04,Phoenix,20.9,9.2,0.0,0.0,14.8
2024-11-05,Phoenix,21.7,7.4,0.0,0.0,10.5
2024-11-06,Phoenix,20.1,8.6,0.0,0.0,29.3
2024-11-07,Phoenix,20.0,7.6,0.0,0.0,20.5
2024-11-08,Phoenix,19.5,5.4,0.0,0.0,10.0
2024-11-09,Phoenix,22.7,6.0,0.0,0.0,8.1
2024-11-10,Phoenix,26.9,7.7,0.0,0.0,10.2
2024-11-11,Phoenix,26.8,9.1,0.0,0.0,9.8
2024-11-12,Phoenix,23.3,9.3,0.0,0.0,8.8
2024-11-13,Phoenix,24.3,8.2,0.0,0.0,6.7
2024-11-14,Phoenix,26.2,8.2,0.0,0.0,6.3
2024-11-15,Phoenix,20.9,8.3,0.0,0.0,11.6
2024-11-16,Phoenix,16.4,8.8,0.0,0.0,9.3
2024-11-17,Phoenix,20.1,7.2,0.0,0.0,15.1
2024-11-18,Phoenix,18.7,7.1,0.0,0.0,8.0
2024-11-19,Phoenix,20.1,7.2,0.0,0.0,6.4
2024-11-20,Phoenix,23.6,7.2,0.0,0.0,4.7
2024-11-21,Phoenix,24.1,7.0,0.0,0.0,8.0
2024-11-22,Phoenix,25.8,7.7,0.0,0.0,7.0
2024-11-23,Phoenix,24.7,7.8,0.0,0.0,6.3
2024-11-24,Phoenix,22.9,8.3,0.0,0.0,5.4
2024-11-25,Phoenix,23.6,11.1,0.0,0.0,4.8
2024-11-26,Phoenix,25.0,11.1,0.0,0.0,6.0
2024-11-27,Phoenix,23.2,14.7,0.0,0.0,6.7
2024-11-28,Phoenix,22.2,11.7,0.0,0.0,4.6
2024-11-29,Phoenix,22.9,9.4,0.0,0.0,6.1
2024-11-30,Phoenix,24.4,10.8,0.0,0.0,5.7
2024-12-01,Phoenix,23.9,9.0,0.0,0.0,6.0
2024-12-02,Phoenix,25.4,9.0,0.0,0.0,5.9
2024-12-03,Phoenix,25.8,11.7,0.0,0.0,8.6
2024-12-04,Phoenix,23.0,9.4,0.0,0.0,5.8
2024-12-05,Phoenix,23.7,9.3,0.0,0.0,5.6
2024-12-06,Phoenix,24.8,11.9,0.0,0.0,11.0
2024-12-07,Phoenix,23.0,12.0,0.0,0.0,6.7
2024-12-08,Phoenix,21.4,8.3,0.0,0.0,7.0
2024-12-09,Phoenix,21.4,7.9,0.0,0.0,12.5
2024-12-10,Phoenix,17.5,8.3,0.0,0.0,11.4
2024-12-11,Phoenix,20.5,4.6,0.0,0.0,6.0
2024-12-12,Phoenix,21.9,10.1,0.0,0.0,8.7
2024-12-13,Phoenix,18.6,7.2,0.0,0.0,4.7
2024-12-14,Phoenix,19.9,6.3,0.0,0.0,6.1
2024-12-15,Phoenix,20.2,5.3,0.0,0.0,5.2
2024-12-16,Phoenix,19.8,4.0,0.0,0.0,8.4
2024-12-17,Phoenix,21.3,4.5,0.0,0.0,5.3
2024-12-18,Phoenix,26.6,8.1,0.0,0.0,11.3
2024-12-19,Phoenix,26.0,10.4,0.0,0.0,10.9
2024-12-20,Phoenix,26.1,9.4,0.0,0.0,8.3
2024-12-21,Phoenix,23.7,8.5,0.0,0.0,8.9
2024-12-22,Phoenix,22.1,6.1,0.0,0.0,6.1
2024-12-23,Phoenix,23.1,9.9,0.0,0.0,7.0
2024-12-24,Phoenix,23.0,8.7,0.0,0.0,7.4
2024-12-25,Phoenix,19.3,10.7,0.0,0.0,8.3
2024-12-26,Phoenix,17.9,8.0,0.0,0.0,5.9
2024-12-27,Phoenix,17.8,5.3,0.0,0.0,6.1
2024-12-28,Phoenix,18.9,5.2,0.0,0.0,6.5
2024-12-29,Phoenix,21.6,5.8,0.0,0.0,4.7
2024-12-30,Phoenix,21.3,5.7,0.0,0.0,5.8
2024-12-31,Phoenix,20.5,6.3,0.0,0.0,5.8
2023-01-01,Seattle,7.7,2.0,0.6,0.0,7.6
2023-01-02,Seattle,7.1,0.5,0.0,0.0,15.1
2023-01-03,Seattle,8.2,1.3,0.3,0.0,16.8
2023-01-04,Seattle,9.0,2.7,1.2,0.0,19.1
2023-01-05,Seattle,12.0,5.3,2.5,0.0,32.1
2023-01-06,Seattle,10.4,5.1,3.7,0.0,25.1
2023-01-07,Seattle,8.3,4.8,6.5,0.0,17.1
2023-01-08,Seattle,8.8,4.1,7.4,0.0,28.1
2023-01-09,Seattle,11.6,4.4,9.3,0.0,30.8
2023-01-10,Seattle,11.2,3.1,0.6,0.0,18.4
2023-01-11,Seattle,12.1,4.7,1.3,0.0,20.6
2023-01-12,Seattle,9.8,7.3,19.9,0.0,29.3
2023-01-13,Seattle,10.7,7.9,10.6,0.0,20.9
2023-01-14,Seattle,13.0,3.8,1.8,0.0,18.3
2023-01-15,Seattle,8.9,6.7,14.0,0.0,31.7
2023-01-16,Seattle,9.0,5.1,0.1,0.0,28.5
2023-01-17,Seattle,8.5,4.6,2.6,0.0,23.6
2023-01-18,Seattle,7.7,3.3,18.6,0.56,25.9
2023-01-19,Seattle,6.2,1.3,0.2,0.0,11.4
2023-01-20,Seattle,7.3,1.1,0.0,0.0,9.0
2023-01-21,Seattle,6.1,-0.8,8.2,0.77,35.4
2023-01-22,Seattle,6.4,0.9,1.0,0.0,11.4
2023-01-23,Seattle,6.5,0.7,0.1,0.0,10.5
2023-01-24,Seattle,8.4,2.4,0.6,0.0,13.2
2023-01-25,Seattle,7.8,4.9,0.0,0.0,9.0
2023-01-26,Seattle,6.3,3.2,0.0,0.0,18.6
2023-01-27,Seattle,8.0,5.9,2.5,0.0,17.8
2023-01-28,Seattle,7.5,1.5,1.3,0.0,25.3
2023-01-29,Seattle,3.6,-2.5,0.0,0.0,13.3
2023-01-30,Seattle,3.7,-4.0,0.0,0.0,9.2
2023-01-31,Seattle,5.4,-1.3,0.5,0.35,10.0
2023-02-01,Seattle,7.0,0.5,0.0,0.0,8.3
2023-02-02,Seattle,9.3,0.9,0.0,0.0,12.4
2023-02-03,Seattle,8.8,1.0,4.3,0.0,33.8
2023-02-04,Seattle,9.3,6.6,4.6,0.0,20.6
2023-02-05,Seattle,8.3,4.3,0.5,0.0,14.9
2023-02-06,Seattle,8.7,5.5,0.7,0.0,30.1
2023-02-07,Seattle,9.0,5.5,10.6,0.0,36.1
2023-02-08,Seattle,9.1,3.4,0.0,0.0,14.3
2023-02-09,Seattle,12.9,3.7,0.9,0.0,21.0
2023-02-10,Seattle,11.2,5.0,6.1,0.0,23.8
2023-02-11,Seattle,8.1,1.7,0.0,0.0,10.8
2023-02-12,Seattle,8.8,1.1,0.3,0.0,31.0
2023-02-13,Seattle,8.1,2.9,4.6,0.21,34.1
2023-02-14,Seattle,6.1,0.2,0.3,0.0,20.3
2023-02-15,Seattle,6.6,-1.1,0.0,0.0,11.5
2023-02-16,Seattle,7.0,1.5,0.4,0.0,15.7
2023-02-17,Seattle,7.5,3.9,4.6,0.07,18.0
2023-02-18,Seattle,8.4,4.1,1.0,0.0,23.6
2023-02-19,Seattle,10.6,4.5,0.5,0.0,14.9
2023-02-20,Seattle,8.4,7.1,7.1,0.0,39.2
2023-02-21,Seattle,7.2,2.9,1.4,0.07,24.2
2023-02-22,Seattle,3.6,-0.7,1.2,0.42,24.3
2023-02-23,Seattle,2.1,-3.2,0.9,0.63,18.6
2023-02-24,Seattle,3.1,-5.2,0.0,0.0,16.6
2023-02-25,Seattle,6.2,-3.8,0.1,0.0,14.9
2023-02-26,Seattle,7.3,1.5,7.3,3.92,34.6
2023-02-27,Seattle,6.3,-0.4,3.9,1.75,13.7
2023-02-28,Seattle,6.5,-0.4,2.6,1.12,27.5
2023-03-01,Seattle,8.7,-1.5,0.2,0.0,24.5
2023-03-02,Seattle,7.1,1.9,5.0,0.0,34.8
2023-03-03,Seattle,6.2,2.3,0.6,0.0,33.5
2023-03-04,Seattle,7.1,1.6,8.7,2.1,13.8
2023-03-05,Seattle,8.9,-1.5,5.2,0.63,12.6
2023-03-06,Seattle,9.4,0.5,0.6,0.0,13.7
2023-03-07,Seattle,7.9,0.7,0.8,0.0,11.9
2023-03-08,Seattle,8.2,-0.7,0.9,0.0,13.4
2023-03-09,Seattle,9.6,0.1,0.0,0.0,15.8
2023-03-10,Seattle,9.0,3.3,3.3,0.14,21.3
2023-03-11,Seattle,10.2,1.9,0.0,0.0,23.3
2023-03-12,Seattle,7.6,-0.6,12.0,0.0,19.1
2023-03-13,Seattle,8.1,4.4,17.3,0.0,27.1
2023-03-14,Seattle,9.1,2.3,0.0,0.0,21.7
2023-03-15,Seattle,9.9,2.7,0.8,0.0,19.0
2023-03-16,Seattle,10.8,1.6,0.0,0.0,21.6
2023-03-17,Seattle,14.4,0.7,0.0,0.0,10.1
2023-03-18,Seattle,15.7,4.2,0.0,0.0,10.5
2023-03-19,Seattle,14.7,5.2,0.0,0.0,15.5
2023-03-20,Seattle,12.3,6.5,4.8,0.0,16.5
2023-03-21,Seattle,11.4,5.9,0.1,0.0,23.1
2023-03-22,Seattle,14.3,4.8,0.0,0.0,22.4
2023-03-23,Seattle,8.0,4.1,2.8,0.0,34.8
2023-03-24,Seattle,7.9,3.1,7.6,0.35,24.1
2023-03-25,Seattle,7.9,1.8,3.8,1.47,19.7
2023-03-26,Seattle,8.2,2.4,0.0,0.0,16.0
2023-03-27,Seattle,12.2,0.5,0.0,0.0,19.9
2023-03-28,Seattle,15.3,6.1,0.0,0.0,19.5
2023-03-29,Seattle,13.6,4.7,0.0,0.0,18.0
2023-03-30,Seattle,11.8,4.7,0.2,0.0,22.6
2023-03-31,Seattle,7.6,5.2,11.7,0.0,26.1
2023-04-01,Seattle,9.3,4.1,0.0,0.0,31.4
2023-04-02,Seattle,7.5,2.6,6.5,1.61,22.9
2023-04-03,Seattle,8.0,2.2,5.0,0.77,9.4
2023-04-04,Seattle,9.4,1.8,0.6,0.0,12.1
2023-04-05,Seattle,11.5,2.1,0.0,0.0,17.3
2023-04-06,Seattle,10.9,6.1,15.2,0.0,22.7
2023-04-07,Seattle,12.4,7.2,4.9,0.0,21.9
2023-04-08,Seattle,9.5,5.8,9.1,0.0,19.1
2023-04-09,Seattle,12.6,7.7,16.5,0.0,33.2
2023-04-10,Seattle,8.6,6.3,9.4,0.0,15.0
2023-04-11,Seattle,10.8,3.4,4.3,0.21,33.5
2023-04-12,Seattle,10.4,2.6,0.0,0.0,23.7
2023-04-13,Seattle,11.0,3.6,1.2,0.0,23.2
2023-04-14,Seattle,12.0,2.7,0.2,0.0,9.8
2023-04-15,Seattle,9.3,5.2,2.7,0.0,13.0
2023-04-16,Seattle,10.1,5.1,13.1,0.0,28.1
2023-04-17,Seattle,11.9,3.2,5.9,0.21,25.2
2023-04-18,Seattle,8.7,3.7,2.0,0.0,31.4
2023-04-19,Seattle,10.2,3.1,6.8,2.03,21.0
2023-04-20,Seattle,9.1,3.1,11.2,0.0,26.7
2023-04-21,Seattle,10.5,5.6,1.2,0.0,24.5
2023-04-22,Seattle,14.5,5.9,1.5,0.0,10.8
2023-04-23,Seattle,12.1,7.8,8.1,0.0,27.9
2023-04-24,Seattle,13.1,6.8,1.6,0.0,21.3
2023-04-25,Seattle,12.9,5.9,0.0,0.0,12.9
2023-04-26,Seattle,16.6,5.6,0.0,0.0,21.0
2023-04-27,Seattle,15.2,8.0,0.0,0.0,20.1
2023-04-28,Seattle,19.9,7.0,0.0,0.0,17.1
2023-04-29,Seattle,23.2,9.9,0.0,0.0,23.4
2023-04-30,Seattle,15.8,8.4,2.3,0.0,20.7
2023-05-01,Seattle,14.2,9.5,0.9,0.0,21.0
2023-05-02,Seattle,18.2,8.4,0.0,0.0,24.4
2023-05-03,Seattle,19.2,9.8,0.0,0.0,22.7
2023-05-04,Seattle,13.3,9.0,3.7,0.0,22.4
2023-05-05,Seattle,11.0,9.0,11.7,0.0,22.9
2023-05-06,Seattle,15.3,9.1,1.4,0.0,11.7
2023-05-07,Seattle,15.7,7.4,0.8,0.0,17.2
2023-05-08,Seattle,16.6,7.9,0.3,0.0,16.9
2023-05-09,Seattle,16.6,8.9,0.0,0.0,15.5
2023-05-10,Seattle,19.0,7.1,0.0,0.0,13.2
2023-05-11,Seattle,20.9,7.4,0.0,0.0,16.7
2023-05-12,Seattle,22.2,8.2,0.0,0.0,17.7
2023-05-13,Seattle,23.5,11.4,0.0,0.0,27.5
2023-05-14,Seattle,27.6,13.0,0.0,0.0,21.7
2023-05-15,Seattle,28.9,15.2,0.0,0.0,22.4
2023-05-16,Seattle,23.4,13.6,0.0,0.0,18.7
2023-05-17,Seattle,23.5,12.4,0.0,0.0,17.5
2023-05-18,Seattle,26.7,12.8,0.0,0.0,16.7
2023-05-19,Seattle,21.2,12.2,0.0,0.0,19.8
2023-05-20,Seattle,22.1,12.6,0.1,0.0,17.3
2023-05-21,Seattle,15.8,12.4,0.8,0.0,15.3
2023-05-22,Seattle,17.5,10.8,0.6,0.0,22.2
2023-05-23,Seattle,17.5,10.0,0.0,0.0,16.5
2023-05-24,Seattle,19.2,11.5,0.0,0.0,16.0
2023-05-25,Seattle,22.2,9.9,0.0,0.0,17.1
2023-05-26,Seattle,25.1,11.2,0.0,0.0,16.6
2023-05-27,Seattle,21.8,12.2,0.0,0.0,14.5
2023-05-28,Seattle,20.5,10.3,0.0,0.0,14.0
2023-05-29,Seattle,19.2,11.2,0.0,0.0,19.1
2023-05-30,Seattle,15.4,10.3,0.0,0.0,19.1
2023-05-31,Seattle,16.1,10.7,0.1,0.0,15.5
2023-06-01,Seattle,18.8,8.7,0.0,0.0,14.1
2023-06-02,Seattle,21.3,9.0,0.0,0.0,20.6
2023-06-03,Seattle,21.4,10.0,0.0,0.0,20.5
2023-06-04,Seattle,18.5,11.2,0.0,0.0,26.2
2023-06-05,Seattle,19.7,10.0,0.0,0.0,27.2
2023-06-06,Seattle,23.8,12.3,0.0,0.0,23.5
2023-06-07,Seattle,28.3,11.4,0.0,0.0,14.1
2023-06-08,Seattle,24.4,12.8,0.0,0.0,17.0
2023-06-09,Seattle,16.3,12.7,7.5,0.0,16.8
2023-06-10,Seattle,17.4,12.1,6.5,0.0,9.7
2023-06-11,Seattle,19.8,12.2,0.0,0.0,20.9
2023-06-12,Seattle,25.2,12.4,0.0,0.0,14.2
2023-06-13,Seattle,20.6,13.5,2.6,0.0,20.4
2023-06-14,Seattle,20.1,11.7,0.3,0.0,21.3
2023-06-15,Seattle,20.4,10.5,0.0,0.0,18.7
2023-06-16,Seattle,21.4,13.3,4.3,0.0,13.7
2023-06-17,Seattle,18.4,12.1,0.6,0.0,18.3
2023-06-18,Seattle,13.8,9.7,8.4,0.0,14.1
2023-06-19,Seattle,17.5,9.0,0.5,0.0,20.3
2023-06-20,Seattle,15.1,11.6,2.4,0.0,19.9
2023-06-21,Seattle,20.3,10.0,0.0,0.0,14.2
2023-06-22,Seattle,22.2,11.0,0.0,0.0,18.1
2023-06-23,Seattle,25.2,11.3,0.0,0.0,13.9
2023-06-24,Seattle,21.4,11.4,0.0,0.0,17.7
2023-06-25,Seattle,23.4,10.8,0.0,0.0,15.5
2023-06-26,Seattle,23.8,13.6,0.0,0.0,12.6
2023-06-27,Seattle,23.8,12.8,0.0,0.0,14.2
2023-06-28,Seattle,26.0,13.5,0.0,0.0,15.8
2023-06-29,Seattle,25.5,15.5,0.0,0.0,20.9
2023-06-30,Seattle,24.6,14.8,0.0,0.0,20.3
2023-07-01,Seattle,24.5,13.3,0.0,0.0,20.0
2023-07-02,Seattle,23.4,13.2,0.0,0.0,20.6
2023-07-03,Seattle,24.9,12.3,0.0,0.0,22.5
2023-07-04,Seattle,28.4,14.5,0.0,0.0,19.7
2023-07-05,Seattle,29.3,15.1,0.0,0.0,16.1
2023-07-06,Seattle,29.2,16.2,0.0,0.0,14.4
2023-07-07,Seattle,26.5,13.4,0.0,0.0,18.3
2023-07-08,Seattle,23.8,13.3,0.0,0.0,15.6
2023-07-09,Seattle,24.6,13.3,0.0,0.0,15.0
2023-07-10,Seattle,21.5,13.1,0.0,0.0,19.5
2023-07-11,Seattle,24.0,14.0,0.0,0.0,17.3
2023-07-12,Seattle,24.1,14.1,0.1,0.0,16.8
2023-07-13,Seattle,25.3,13.9,0.0,0.0,19.0
2023-07-14,Seattle,27.5,14.4,0.0,0.0,18.0
2023-07-15,Seattle,27.9,14.9,0.0,0.0,19.8
2023-07-16,Seattle,26.9,15.1,0.0,0.0,21.6
2023-07-17,Seattle,23.6,16.2,0.1,0.0,22.1
2023-07-18,Seattle,24.4,13.8,0.0,0.0,22.6
2023-07-19,Seattle,28.0,14.2,0.0,0.0,18.7
2023-07-20,Seattle,29.4,16.2,0.0,0.0,13.0
2023-07-21,Seattle,26.0,15.0,0.2,0.0,14.3
2023-07-22,Seattle,26.2,15.3,0.0,0.0,24.4
2023-07-23,Seattle,27.1,14.9,0.0,0.0,19.6
2023-07-24,Seattle,22.6,15.6,4.4,0.0,25.3
2023-07-25,Seattle,22.8,14.2,0.2,0.0,19.3
2023-07-26,Seattle,22.7,14.0,0.0,0.0,18.5
2023-07-27,Seattle,24.8,13.0,0.0,0.0,14.8
2023-07-28,Seattle,25.6,15.0,0.0,0.0,20.3
2023-07-29,Seattle,25.5,14.4,0.0,0.0,21.3
2023-07-30,Seattle,24.4,15.2,0.0,0.0,16.9
2023-07-31,Seattle,24.7,14.0,0.0,0.0,18.8
2023-08-01,Seattle,25.9,13.6,0.0,0.0,19.3
2023-08-02,Seattle,26.8,13.2,0.0,0.0,24.8
2023-08-03,Seattle,26.5,14.4,0.0,0.0,17.6
2023-08-04,Seattle,26.4,15.1,0.0,0.0,17.0
2023-08-05,Seattle,24.1,17.1,0.4,0.0,13.5
2023-08-06,Seattle,26.7,16.7,0.0,0.0,12.9
2023-08-07,Seattle,24.3,18.1,0.7,0.0,13.8
2023-08-08,Seattle,25.3,16.7,0.0,0.0,20.4
2023-08-09,Seattle,25.7,16.5,3.6,0.0,25.1
2023-08-10,Seattle,23.4,16.8,0.0,0.0,13.5
2023-08-11,Seattle,25.3,15.2,0.0,0.0,16.5
2023-08-12,Seattle,25.8,15.5,0.0,0.0,21.4
2023-08-13,Seattle,28.2,16.8,0.0,0.0,25.5
2023-08-14,Seattle,29.4,19.1,0.0,0.0,25.7
2023-08-15,Seattle,31.3,18.4,0.0,0.0,20.0
2023-08-16,Seattle,31.4,17.5,0.0,0.0,17.1
2023-08-17,Seattle,31.7,18.3,0.0,0.0,15.7
2023-08-18,Seattle,23.4,14.9,0.0,0.0,16.2
2023-08-19,Seattle,24.1,13.9,0.0,0.0,25.7
2023-08-20,Seattle,26.1,15.6,0.0,0.0,21.8
2023-08-21,Seattle,24.9,13.3,0.0,0.0,9.9
2023-08-22,Seattle,22.7,14.1,8.5,0.0,19.4
2023-08-23,Seattle,22.6,14.5,3.4,0.0,17.8
2023-08-24,Seattle,23.5,13.6,0.0,0.0,24.1
2023-08-25,Seattle,27.4,15.4,0.8,0.0,21.0
2023-08-26,Seattle,27.2,15.3,0.0,0.0,23.3
2023-08-27,Seattle,28.5,15.1,0.0,0.0,15.0
2023-08-28,Seattle,23.9,15.5,0.1,0.0,15.1
2023-08-29,Seattle,20.2,15.8,9.7,0.0,14.3
2023-08-30,Seattle,22.7,15.6,1.3,0.0,13.8
2023-08-31,Seattle,19.5,15.6,1.1,0.0,20.8
2023-09-01,Seattle,22.3,14.5,0.0,0.0,21.1
2023-09-02,Seattle,25.2,13.7,0.0,0.0,11.3
2023-09-03,Seattle,22.2,14.8,0.5,0.0,30.1
2023-09-04,Seattle,20.1,13.3,0.1,0.0,20.0
2023-09-05,Seattle,19.5,12.5,0.0,0.0,8.7
2023-09-06,Seattle,23.2,12.0,0.0,0.0,17.3
2023-09-07,Seattle,20.0,14.4,0.0,0.0,9.3
2023-09-08,Seattle,21.4,13.2,0.0,0.0,13.0
2023-09-09,Seattle,23.6,11.8,0.0,0.0,12.8
2023-09-10,Seattle,27.1,13.1,0.0,0.0,18.0
2023-09-11,Seattle,20.5,14.8,0.1,0.0,15.0
2023-09-12,Seattle,19.9,13.9,1.6,0.0,16.3
2023-09-13,Seattle,22.1,13.6,0.0,0.0,14.8
2023-09-14,Seattle,22.3,12.4,0.0,0.0,15.3
2023-09-15,Seattle,25.4,12.1,0.0,0.0,14.9
2023-09-16,Seattle,24.0,10.9,0.0,0.0,16.6
2023-09-17,Seattle,20.8,13.2,0.0,0.0,17.3
2023-09-18,Seattle,18.3,12.9,0.3,0.0,21.4
2023-09-19,Seattle,20.5,11.5,5.1,0.0,24.2
2023-09-20,Seattle,16.8,11.9,5.7,0.0,27.9
2023-09-21,Seattle,18.8,10.7,0.0,0.0,20.6
2023-09-22,Seattle,22.2,10.1,0.0,0.0,9.4
2023-09-23,Seattle,16.8,13.3,5.5,0.0,22.9
2023-09-24,Seattle,17.8,11.8,9.7,0.0,22.6
2023-09-25,Seattle,16.6,12.9,20.0,0.0,25.5
2023-09-26,Seattle,16.9,11.9,8.7,0.0,23.7
2023-09-27,Seattle,16.1,12.3,16.2,0.0,21.1
2023-09-28,Seattle,15.0,10.9,5.0,0.0,21.3
2023-09-29,Seattle,14.3,9.0,0.0,0.0,22.3
2023-09-30,Seattle,16.0,8.9,0.1,0.0,19.1
2023-10-01,Seattle,16.2,8.7,0.0,0.0,11.4
2023-10-02,Seattle,14.1,10.3,11.1,0.0,16.2
2023-10-03,Seattle,15.7,11.4,0.0,0.0,21.0
2023-10-04,Seattle,17.0,10.7,0.0,0.0,11.6
2023-10-05,Seattle,17.3,11.4,0.0,0.0,22.3
2023-10-06,Seattle,19.6,11.2,0.0,0.0,17.2
2023-10-07,Seattle,23.2,9.0,0.0,0.0,12.2
2023-10-08,Seattle,22.2,13.0,0.0,0.0,15.9
2023-10-09,Seattle,19.2,12.6,2.3,0.0,21.7
2023-10-10,Seattle,15.9,11.9,16.1,0.0,22.0
2023-10-11,Seattle,15.5,9.5,7.2,0.0,20.2
2023-10-12,Seattle,16.6,8.4,0.0,0.0,8.6
2023-10-13,Seattle,21.6,8.9,3.7,0.0,16.1
2023-10-14,Seattle,17.0,12.7,3.0,0.0,14.6
2023-10-15,Seattle,17.1,11.2,3.3,0.0,10.7
2023-10-16,Seattle,16.7,12.0,11.1,0.0,28.1
2023-10-17,Seattle,15.0,10.6,2.1,0.0,19.1
2023-10-18,Seattle,19.8,9.9,0.0,0.0,16.9
2023-10-19,Seattle,20.2,10.2,0.0,0.0,18.8
2023-10-20,Seattle,15.2,11.9,0.0,0.0,18.7
2023-10-21,Seattle,14.0,10.9,0.9,0.0,12.6
2023-10-22,Seattle,14.2,8.7,0.1,0.0,13.4
2023-10-23,Seattle,13.3,9.2,0.7,0.0,18.5
2023-10-24,Seattle,11.1,7.9,16.8,0.0,25.7
2023-10-25,Seattle,10.4,6.0,7.2,0.14,24.0
2023-10-26,Seattle,10.6,4.4,0.0,0.0,14.1
2023-10-27,Seattle,9.1,3.9,0.0,0.0,20.2
2023-10-28,Seattle,9.5,1.1,0.0,0.0,13.7
2023-10-29,Seattle,11.0,0.8,0.0,0.0,13.4
2023-10-30,Seattle,11.8,2.4,0.0,0.0,12.8
2023-10-31,Seattle,10.6,1.5,0.0,0.0,9.7
2023-11-01,Seattle,10.3,4.8,6.5,0.0,9.7
2023-11-02,Seattle,15.5,9.3,25.7,0.0,38.6
2023-11-03,Seattle,14.1,10.6,7.5,0.0,20.7
2023-11-04,Seattle,15.7,11.7,25.6,0.0,32.9
2023-11-05,Seattle,14.2,9.5,3.3,0.0,18.8
2023-11-06,Seattle,12.5,9.5,18.1,0.0,22.7
2023-11-07,Seattle,12.8,9.4,1.3,0.0,22.0
2023-11-08,Seattle,12.3,5.4,0.0,0.0,12.8
2023-11-09,Seattle,10.6,3.3,4.1,0.0,19.3
2023-11-10,Seattle,10.3,7.1,3.7,0.0,37.9
2023-11-11,Seattle,12.1,8.5,12.2,0.0,45.2
2023-11-12,Seattle,12.2,7.4,10.7,0.0,22.7
2023-11-13,Seattle,10.5,4.4,6.5,0.0,19.1
2023-11-14,Seattle,8.8,2.8,0.0,0.0,15.3
2023-11-15,Seattle,8.1,2.9,0.0,0.0,13.1
2023-11-16,Seattle,8.2,3.0,0.0,0.0,14.7
2023-11-17,Seattle,9.5,1.7,0.0,0.0,7.9
2023-11-18,Seattle,12.3,2.8,2.8,0.0,18.0
2023-11-19,Seattle,9.6,6.3,2.2,0.0,34.8
2023-11-20,Seattle,9.6,3.4,0.0,0.0,10.5
2023-11-21,Seattle,11.3,3.9,5.2,0.0,16.2
2023-11-22,Seattle,9.6,5.8,4.8,0.0,17.3
2023-11-23,Seattle,8.0,5.5,0.0,0.0,22.4
2023-11-24,Seattle,7.5,1.1,0.0,0.0,13.6
2023-11-25,Seattle,8.1,0.2,0.0,0.0,9.7
2023-11-26,Seattle,8.0,0.8,0.0,0.0,9.7
2023-11-27,Seattle,7.4,0.2,0.0,0.0,8.6
2023-11-28,Seattle,5.7,-1.4,0.0,0.0,8.5
2023-11-29,Seattle,5.8,-0.5,0.0,0.0,7.3
2023-11-30,Seattle,5.6,1.7,3.1,0.07,22.9
2023-12-01,Seattle,9.6,3.9,9.4,0.0,31.6
2023-12-02,Seattle,10.0,4.8,14.7,0.0,46.6
2023-12-03,Seattle,12.0,4.9,5.6,0.0,19.9
2023-12-04,Seattle,14.6,5.4,30.4,0.0,34.2
2023-12-05,Seattle,14.5,9.6,47.7,0.0,32.2
2023-12-06,Seattle,10.1,8.2,9.7,0.0,14.5
2023-12-07,Seattle,8.2,4.5,15.3,0.0,23.1
2023-12-08,Seattle,6.7,2.0,3.0,0.0,15.2
2023-12-09,Seattle,5.8,1.4,15.5,1.75,16.3
2023-12-10,Seattle,12.3,6.5,6.4,0.0,24.0
2023-12-11,Seattle,8.8,5.5,0.0,0.0,16.3
2023-12-12,Seattle,8.2,3.0,0.0,0.0,12.9
2023-12-13,Seattle,9.5,2.9,0.0,0.0,12.5
2023-12-14,Seattle,8.4,4.9,4.2,0.0,10.7
2023-12-15,Seattle,11.7,4.3,0.0,0.0,10.2
2023-12-16,Seattle,8.7,1.8,0.0,0.0,9.4
2023-12-17,Seattle,8.7,2.0,0.0,0.0,13.0
2023-12-18,Seattle,8.5,2.8,1.8,0.0,11.1
2023-12-19,Seattle,9.2,5.3,6.7,0.0,15.5
2023-12-20,Seattle,8.7,3.5,0.0,0.0,8.5
2023-12-21,Seattle,10.3,6.6,0.0,0.0,12.6
2023-12-22,Seattle,8.1,3.4,15.2,0.07,21.2
2023-12-23,Seattle,5.7,-0.5,0.0,0.0,11.4
2023-12-24,Seattle,6.1,-1.2,0.1,0.0,20.0
2023-12-25,Seattle,8.3,2.6,12.3,0.0,28.3
2023-12-26,Seattle,10.2,5.5,5.4,0.0,27.4
2023-12-27,Seattle,11.7,7.9,2.3,0.0,24.7
2023-12-28,Seattle,11.5,6.8,6.7,0.0,23.5
2023-12-29,Seattle,14.2,10.0,0.0,0.0,23.3
2023-12-30,Seattle,11.1,8.4,3.6,0.0,18.7
2023-12-31,Seattle,8.0,3.9,0.1,0.0,14.4
2024-01-01,Seattle,6.1,1.6,0.0,0.0,9.0
2024-01-02,Seattle,7.7,3.4,3.9,0.0,15.9
2024-01-03,Seattle,8.4,4.5,3.8,0.0,22.8
2024-01-04,Seattle,9.2,4.6,4.9,0.0,21.7
2024-01-05,Seattle,8.5,5.0,11.6,0.07,32.8
2024-01-06,Seattle,7.0,2.1,10.9,0.0,32.1
2024-01-07,Seattle,5.5,2.1,1.1,0.0,7.7
2024-01-08,Seattle,8.9,3.0,14.4,0.0,34.1
2024-01-09,Seattle,9.5,4.1,15.4,0.0,52.0
2024-01-10,Seattle,5.5,2.9,0.2,0.0,21.6
2024-01-11,Seattle,5.4,-1.5,2.7,1.33,22.0
2024-01-12,Seattle,-1.8,-7.8,0.0,0.07,30.2
2024-01-13,Seattle,-3.6,-10.1,0.0,0.0,14.3
2024-01-14,Seattle,-0.2,-7.2,0.0,0.0,8.7
2024-01-15,Seattle,1.9,-6.5,0.0,0.0,12.1
2024-01-16,Seattle,3.5,-4.6,1.1,0.0,9.4
2024-01-17,Seattle,4.0,0.3,9.4,0.07,22.8
2024-01-18,Seattle,2.5,0.3,13.1,0.0,23.2
2024-01-19,Seattle,7.3,1.2,2.7,0.0,25.1
2024-01-20,Seattle,8.5,0.6,1.3,0.0,14.0
2024-01-21,Seattle,8.1,5.1,14.6,0.0,16.3
2024-01-22,Seattle,9.5,5.7,18.5,0.0,23.2
2024-01-23,Seattle,11.0,4.3,0.2,0.0,22.7
2024-01-24,Seattle,10.2,3.4,9.4,0.0,20.5
2024-01-25,Seattle,10.0,5.3,13.1,0.0,22.0
2024-01-26,Seattle,10.3,5.1,13.4,0.0,15.9
2024-01-27,Seattle,12.5,7.4,33.8,0.0,20.9
2024-01-28,Seattle,15.1,9.9,14.6,0.0,24.3
2024-01-29,Seattle,17.1,9.1,0.0,0.0,16.6
2024-01-30,Seattle,13.5,9.1,1.0,0.0,19.7
2024-01-31,Seattle,14.0,10.1,11.3,0.0,29.9
2024-02-01,Seattle,13.5,6.0,5.0,0.0,16.3
2024-02-02,Seattle,11.8,3.7,0.0,0.0,12.3
2024-02-03,Seattle,9.3,2.5,0.0,0.0,9.5
2024-02-04,Seattle,8.4,5.3,0.0,0.0,22.4
2024-02-05,Seattle,6.7,5.7,3.2,0.0,23.5
2024-02-06,Seattle,7.7,3.5,4.0,0.0,8.7
2024-02-07,Seattle,8.3,2.7,0.4,0.0,9.5
2024-02-08,Seattle,7.6,2.1,0.8,0.0,7.8
2024-02-09,Seattle,8.0,2.0,1.1,0.0,7.8
2024-02-10,Seattle,8.7,0.9,0.0,0.0,7.9
2024-02-11,Seattle,10.2,4.5,8.0,0.0,28.6
2024-02-12,Seattle,9.4,5.5,0.6,0.0,26.0
2024-02-13,Seattle,8.3,2.5,0.0,0.0,16.4
2024-02-14,Seattle,9.1,0.3,0.6,0.35,15.1
2024-02-15,Seattle,5.7,0.5,9.4,4.69,19.8
2024-02-16,Seattle,9.5,-1.7,0.0,0.0,19.0
2024-02-17,Seattle,8.7,0.6,0.0,0.0,17.8
2024-02-18,Seattle,7.4,2.4,1.1,0.0,9.1
2024-02-19,Seattle,9.1,1.6,0.0,0.0,13.8
2024-02-20,Seattle,11.3,2.2,1.6,0.0,13.7
2024-02-21,Seattle,9.6,6.1,6.4,0.0,20.5
2024-02-22,Seattle,12.3,4.9,0.2,0.0,20.2
2024-02-23,Seattle,9.7,3.2,0.0,0.0,9.9
2024-02-24,Seattle,10.5,5.1,0.6,0.0,24.6
2024-02-25,Seattle,9.8,4.4,4.1,0.0,39.9
2024-02-26,Seattle,6.3,1.1,4.2,1.68,18.0
2024-02-27,Seattle,6.8,-1.6,1.7,0.0,35.9
2024-02-28,Seattle,9.7,6.8,37.5,0.0,38.6
2024-02-29,Seattle,8.4,3.4,17.5,0.0,26.3
2024-03-01,Seattle,6.4,2.1,8.0,2.59,27.2
2024-03-02,Seattle,6.5,1.9,7.4,3.43,29.6
2024-03-03,Seattle,6.2,1.5,1.2,0.14,24.1
2024-03-04,Seattle,7.6,0.6,0.6,0.0,24.8
2024-03-05,Seattle,6.7,-1.2,0.0,0.0,14.6
2024-03-06,Seattle,6.3,-1.3,0.0,0.0,7.7
2024-03-07,Seattle,7.3,-1.4,0.0,0.0,9.4
2024-03-08,Seattle,10.1,2.2,0.3,0.0,10.3
2024-03-09,Seattle,10.4,5.3,3.5,0.0,37.0
2024-03-10,Seattle,8.9,6.4,10.4,0.0,28.8
2024-03-11,Seattle,9.8,5.2,8.8,0.0,27.8
2024-03-12,Seattle,10.2,4.5,1.4,0.0,31.7
2024-03-13,Seattle,10.3,3.1,0.1,0.0,12.3
2024-03-14,Seattle,11.1,0.9,0.0,0.0,18.9
2024-03-15,Seattle,13.1,3.3,0.0,0.0,19.7
2024-03-16,Seattle,17.9,2.9,0.0,0.0,11.5
2024-03-17,Seattle,17.6,5.7,0.0,0.0,13.5
2024-03-18,Seattle,15.6,4.5,0.0,0.0,15.1
2024-03-19,Seattle,16.6,3.5,0.0,0.0,16.9
2024-03-20,Seattle,12.0,6.2,0.9,0.0,15.7
2024-03-21,Seattle,13.7,6.7,1.5,0.0,12.8
2024-03-22,Seattle,12.4,7.1,3.4,0.0,12.6
2024-03-23,Seattle,10.8,7.9,8.2,0.0,16.3
2024-03-24,Seattle,13.8,6.7,0.4,0.0,17.7
2024-03-25,Seattle,10.6,7.2,4.6,0.0,21.8
2024-03-26,Seattle,12.3,5.9,7.1,0.0,15.6
2024-03-27,Seattle,13.1,6.4,11.6,0.0,22.1
2024-03-28,Seattle,11.2,5.2,9.8,0.0,25.2
2024-03-29,Seattle,13.2,4.6,0.0,0.0,21.4
2024-03-30,Seattle,12.9,5.4,0.0,0.0,17.4
2024-03-31,Seattle,13.5,2.8,0.0,0.0,21.3
2024-04-01,Seattle,16.0,3.8,0.0,0.0,12.0
2024-04-02,Seattle,17.0,7.3,0.7,0.0,25.5
2024-04-03,Seattle,9.9,5.3,1.2,0.0,22.8
2024-04-04,Seattle,8.9,5.5,1.1,0.0,24.2
2024-04-05,Seattle,9.6,4.1,0.1,0.0,16.4
2024-04-06,Seattle,9.9,6.0,2.2,0.0,25.8
2024-04-07,Seattle,12.1,5.4,0.1,0.0,25.6
2024-04-08,Seattle,10.5,5.3,3.3,0.0,31.8
2024-04-09,Seattle,13.0,8.2,2.3,0.0,31.1
2024-04-10,Seattle,14.3,5.3,0.0,0.0,13.2
2024-04-11,Seattle,12.3,5.1,0.8,0.0,13.4
2024-04-12,Seattle,12.8,7.3,0.0,0.0,29.8
2024-04-13,Seattle,14.3,6.6,0.0,0.0,20.6
2024-04-14,Seattle,16.4,4.5,0.0,0.0,14.8
2024-04-15,Seattle,11.0,7.9,0.0,0.0,19.4
2024-04-16,Seattle,11.2,5.6,1.6,0.0,15.5
2024-04-17,Seattle,12.8,3.6,0.0,0.0,20.3
2024-04-18,Seattle,15.1,4.5,0.0,0.0,23.5
2024-04-19,Seattle,18.2,3.5,0.0,0.0,18.3
2024-04-20,Seattle,21.9,5.7,1.1,0.0,30.6
2024-04-21,Seattle,13.5,6.0,0.2,0.0,26.9
2024-04-22,Seattle,14.0,6.3,0.0,0.0,20.9
2024-04-23,Seattle,19.0,6.3,0.0,0.0,17.7
2024-04-24,Seattle,13.0,7.6,0.1,0.0,21.1
2024-04-25,Seattle,11.1,9.8,16.1,0.0,22.2
2024-04-26,Seattle,15.6,9.7,0.9,0.0,21.4
2024-04-27,Seattle,11.0,9.5,4.7,0.0,22.7
2024-04-28,Seattle,12.4,7.6,0.4,0.0,27.8
2024-04-29,Seattle,10.2,5.0,1.9,0.0,19.1
2024-04-30,Seattle,11.6,5.2,2.7,0.07,15.9
2024-05-01,Seattle,14.5,4.8,0.1,0.0,12.6
2024-05-02,Seattle,15.7,5.9,0.0,0.0,22.1
2024-05-03,Seattle,17.8,5.2,0.5,0.0,18.2
2024-05-04,Seattle,12.5,9.9,3.9,0.0,23.7
2024-05-05,Seattle,12.2,9.0,2.2,0.0,33.0
2024-05-06,Seattle,13.9,7.5,4.1,0.0,28.5
2024-05-07,Seattle,13.2,5.3,4.2,0.0,16.9
2024-05-08,Seattle,15.4,4.9,0.0,0.0,20.9
2024-05-09,Seattle,19.0,7.3,0.0,0.0,22.9
2024-05-10,Seattle,24.4,7.6,0.0,0.0,16.5
2024-05-11,Seattle,24.5,9.1,0.0,0.0,18.6
2024-05-12,Seattle,22.6,9.4,0.0,0.0,21.3
2024-05-13,Seattle,18.4,10.7,0.0,0.0,23.2
2024-05-14,Seattle,19.5,8.8,0.0,0.0,17.6
2024-05-15,Seattle,21.4,10.1,0.0,0.0,17.9
2024-05-16,Seattle,18.3,11.0,1.7,0.0,36.7
2024-05-17,Seattle,17.5,7.8,1.1,0.0,17.8
2024-05-18,Seattle,12.8,8.4,2.6,0.0,15.9
2024-05-19,Seattle,15.2,7.0,0.3,0.0,11.4
2024-05-20,Seattle,18.0,7.2,0.0,0.0,14.1
2024-05-21,Seattle,11.5,8.8,12.8,0.0,28.7
2024-05-22,Seattle,14.4,7.9,13.5,0.0,22.6
2024-05-23,Seattle,18.8,9.1,0.5,0.0,18.9
2024-05-24,Seattle,14.0,9.9,2.1,0.0,19.7
2024-05-25,Seattle,15.4,9.7,0.0,0.0,27.1
2024-05-26,Seattle,15.2,10.0,2.7,0.0,20.5
2024-05-27,Seattle,17.8,10.2,0.0,0.0,15.9
2024-05-28,Seattle,14.3,9.2,1.6,0.0,22.2
2024-05-29,Seattle,14.9,7.8,2.3,0.0,20.1
2024-05-30,Seattle,15.7,9.7,0.0,0.0,15.6
2024-05-31,Seattle,18.6,7.1,0.0,0.0,17.8
2024-06-01,Seattle,17.9,11.2,0.4,0.0,15.1
2024-06-02,Seattle,14.7,11.7,16.5,0.0,31.6
2024-06-03,Seattle,14.9,11.1,10.8,0.0,37.4
2024-06-04,Seattle,16.6,10.4,6.8,0.0,33.2
2024-06-05,Seattle,17.3,9.1,0.0,0.0,14.6
2024-06-06,Seattle,18.7,9.2,0.0,0.0,19.8
2024-06-07,Seattle,20.4,9.4,0.0,0.0,20.6
2024-06-08,Seattle,23.3,10.2,0.0,0.0,12.5
2024-06-09,Seattle,22.7,11.5,0.0,0.0,15.6
2024-06-10,Seattle,19.7,11.3,0.1,0.0,14.3
2024-06-11,Seattle,19.5,11.9,1.4,0.0,33.8
2024-06-12,Seattle,17.3,9.6,0.0,0.0,18.2
2024-06-13,Seattle,18.9,8.9,0.0,0.0,14.7
2024-06-14,Seattle,18.4,9.3,0.4,0.0,21.7
2024-06-15,Seattle,15.9,9.9,13.4,0.0,25.8
2024-06-16,Seattle,16.1,8.4,0.2,0.0,20.6
2024-06-17,Seattle,16.0,10.5,0.2,0.0,14.5
2024-06-18,Seattle,18.0,9.7,0.0,0.0,12.2
2024-06-19,Seattle,22.2,10.6,0.0,0.0,18.9
2024-06-20,Seattle,24.6,11.9,0.0,0.0,20.2
2024-06-21,Seattle,26.9,11.6,0.0,0.0,16.4
2024-06-22,Seattle,24.8,13.6,0.2,0.0,19.2
2024-06-23,Seattle,19.2,12.7,0.4,0.0,25.7
2024-06-24,Seattle,19.8,12.8,0.0,0.0,17.9
2024-06-25,Seattle,23.5,12.0,0.0,0.0,16.6
2024-06-26,Seattle,21.9,12.8,0.1,0.0,30.0
2024-06-27,Seattle,17.6,12.9,3.4,0.0,17.6
2024-06-28,Seattle,21.2,12.4,0.0,0.0,13.7
2024-06-29,Seattle,22.6,12.8,2.4,0.0,17.1
2024-06-30,Seattle,22.8,14.7,0.7,0.0,16.7
2024-07-01,Seattle,22.4,14.3,4.5,0.0,16.3
2024-07-02,Seattle,21.4,12.5,0.0,0.0,18.7
2024-07-03,Seattle,22.5,12.3,0.0,0.0,16.8
2024-07-04,Seattle,24.6,12.2,0.0,0.0,19.1
2024-07-05,Seattle,27.3,13.4,0.0,0.0,20.1
2024-07-06,Seattle,28.8,14.2,0.0,0.0,16.9
2024-07-07,Seattle,30.9,14.5,0.0,0.0,15.3
2024-07-08,Seattle,31.4,16.9,0.0,0.0,14.8
2024-07-09,Seattle,32.6,16.8,0.0,0.0,17.3
2024-07-10,Seattle,29.9,16.9,0.0,0.0,19.3
2024-07-11,Seattle,26.8,15.1,0.0,0.0,18.1
2024-07-12,Seattle,25.8,13.9,0.0,0.0,17.7
2024-07-13,Seattle,27.1,14.9,0.0,0.0,21.0
2024-07-14,Seattle,30.4,16.2,0.0,0.0,17.9
2024-07-15,Seattle,26.5,14.5,0.0,0.0,13.8
2024-07-16,Seattle,28.7,15.1,0.0,0.0,15.9
2024-07-17,Seattle,30.4,16.3,0.0,0.0,19.6
2024-07-18,Seattle,28.5,15.3,0.0,0.0,17.0
2024-07-19,Seattle,26.9,14.9,0.0,0.0,19.7
2024-07-20,Seattle,27.9,15.0,0.0,0.0,18.2
2024-07-21,Seattle,26.0,14.8,0.4,0.0,17.3
2024-07-22,Seattle,21.5,15.2,0.4,0.0,19.3
2024-07-23,Seattle,22.4,14.8,0.0,0.0,17.1
2024-07-24,Seattle,23.5,12.8,0.0,0.0,26.7
2024-07-25,Seattle,23.3,14.6,0.0,0.0,17.7
2024-07-26,Seattle,23.4,12.3,0.0,0.0,20.2
2024-07-27,Seattle,25.8,13.1,0.0,0.0,14.1
2024-07-28,Seattle,25.8,14.1,0.1,0.0,16.7
2024-07-29,Seattle,19.9,15.9,11.1,0.0,24.3
2024-07-30,Seattle,24.5,16.4,0.0,0.0,22.0
2024-07-31,Seattle,24.2,15.5,0.0,0.0,19.6
2024-08-01,Seattle,26.8,15.3,0.0,0.0,19.7
2024-08-02,Seattle,30.4,16.6,0.0,0.0,18.0
2024-08-03,Seattle,27.0,15.1,0.0,0.0,12.3
2024-08-04,Seattle,30.2,15.4,0.0,0.0,16.9
2024-08-05,Seattle,28.3,14.7,0.0,0.0,12.2
2024-08-06,Seattle,24.3,13.7,0.2,0.0,13.7
2024-08-07,Seattle,24.8,14.1,0.0,0.0,20.5
2024-08-08,Seattle,27.6,14.5,0.0,0.0,18.4
2024-08-09,Seattle,29.3,16.4,0.0,0.0,17.5
2024-08-10,Seattle,29.0,15.7,0.0,0.0,13.5
2024-08-11,Seattle,23.2,15.6,0.1,0.0,17.8
2024-08-12,Seattle,23.5,14.3,0.3,0.0,19.1
2024-08-13,Seattle,20.5,15.7,0.5,0.0,15.1
2024-08-14,Seattle,23.9,16.1,0.0,0.0,17.4
2024-08-15,Seattle,24.4,14.4,0.0,0.0,10.4
2024-08-16,Seattle,23.9,16.1,0.0,0.0,16.7
2024-08-17,Seattle,24.8,14.1,10.9,0.0,27.1
2024-08-18,Seattle,24.3,15.9,2.4,0.0,24.9
2024-08-19,Seattle,25.1,13.9,0.0,0.0,19.7
2024-08-20,Seattle,23.1,15.4,3.8,0.0,17.7
2024-08-21,Seattle,22.0,14.7,0.1,0.0,16.7
2024-08-22,Seattle,20.7,14.7,1.5,0.0,12.4
2024-08-23,Seattle,16.3,14.0,8.0,0.0,22.3
2024-08-24,Seattle,17.9,13.6,11.1,0.0,25.1
2024-08-25,Seattle,21.5,13.9,0.0,0.0,15.0
2024-08-26,Seattle,23.2,13.0,1.6,0.0,20.7
2024-08-27,Seattle,18.5,11.9,7.6,0.0,22.3
2024-08-28,Seattle,18.4,10.9,0.0,0.0,18.8
2024-08-29,Seattle,21.3,12.0,0.0,0.0,21.3
2024-08-30,Seattle,23.9,12.7,0.0,0.0,17.2
2024-08-31,Seattle,24.8,13.7,0.0,0.0,17.0
2024-09-01,Seattle,25.4,14.3,0.0,0.0,15.5
2024-09-02,Seattle,22.7,14.8,0.8,0.0,17.6
2024-09-03,Seattle,21.4,15.4,0.1,0.0,13.9
2024-09-04,Seattle,22.4,13.4,0.0,0.0,17.0
2024-09-05,Seattle,28.0,14.4,0.0,0.0,15.6
2024-09-06,Seattle,28.1,14.6,0.0,0.0,20.7
2024-09-07,Seattle,26.1,15.2,0.0,0.0,16.2
2024-09-08,Seattle,26.6,15.5,0.0,0.0,14.4
2024-09-09,Seattle,21.3,15.3,0.2,0.0,10.1
2024-09-10,Seattle,22.4,14.4,0.2,0.0,20.0
2024-09-11,Seattle,19.9,13.4,1.4,0.0,11.4
2024-09-12,Seattle,20.9,11.8,0.0,0.0,12.6
2024-09-13,Seattle,19.0,12.4,2.2,0.0,11.5
2024-09-14,Seattle,19.3,14.3,11.7,0.0,14.9
2024-09-15,Seattle,17.6,12.8,0.4,0.0,20.7
2024-09-16,Seattle,19.6,11.7,0.0,0.0,16.6
2024-09-17,Seattle,17.0,11.2,0.7,0.0,17.7
2024-09-18,Seattle,19.5,13.7,1.1,0.0,13.3
2024-09-19,Seattle,18.1,11.7,0.0,0.0,8.7
2024-09-20,Seattle,17.4,13.0,0.7,0.0,10.2
2024-09-21,Seattle,19.5,10.6,0.0,0.0,13.4
2024-09-22,Seattle,19.3,10.4,0.0,0.0,10.4
2024-09-23,Seattle,21.7,15.3,0.3,0.0,13.8
2024-09-24,Seattle,22.5,14.6,0.0,0.0,14.2
2024-09-25,Seattle,17.6,12.9,13.6,0.0,24.2
2024-09-26,Seattle,18.6,11.7,5.4,0.0,22.3
2024-09-27,Seattle,17.4,12.4,0.1,0.0,25.4
2024-09-28,Seattle,16.1,11.2,0.0,0.0,18.9
2024-09-29,Seattle,15.9,10.4,0.0,0.0,12.6
2024-09-30,Seattle,17.5,8.4,0.0,0.0,16.0
2024-10-01,Seattle,18.0,8.2,0.2,0.0,23.1
2024-10-02,Seattle,15.9,8.9,0.2,0.0,12.2
2024-10-03,Seattle,17.3,8.6,0.0,0.0,15.6
2024-10-04,Seattle,16.7,10.0,9.9,0.0,33.1
2024-10-05,Seattle,16.6,11.0,0.0,0.0,16.7
2024-10-06,Seattle,19.2,9.5,0.0,0.0,10.1
2024-10-07,Seattle,20.9,9.8,0.0,0.0,7.7
2024-10-08,Seattle,20.1,13.2,6.3,0.0,24.3
2024-10-09,Seattle,17.5,10.3,0.8,0.0,15.7
2024-10-10,Seattle,14.2,9.4,0.0,0.0,20.1
2024-10-11,Seattle,15.1,8.2,0.0,0.0,9.3
2024-10-12,Seattle,18.3,7.6,0.0,0.0,9.2
2024-10-13,Seattle,19.8,10.9,0.0,0.0,12.5
2024-10-14,Seattle,19.4,12.8,2.6,0.0,18.6
2024-10-15,Seattle,13.4,11.2,1.7,0.0,21.3
2024-10-16,Seattle,13.7,9.7,2.5,0.0,21.6
2024-10-17,Seattle,12.3,8.5,1.1,0.0,21.1
2024-10-18,Seattle,11.8,8.1,5.8,0.0,31.6
2024-10-19,Seattle,16.6,12.1,26.8,0.0,34.8
2024-10-20,Seattle,19.3,11.2,4.6,0.0,38.2
2024-10-21,Seattle,12.4,10.1,4.3,0.0,25.0
2024-10-22,Seattle,12.5,7.7,0.0,0.0,23.4
2024-10-23,Seattle,10.7,7.3,0.9,0.0,11.6
2024-10-24,Seattle,12.6,7.0,0.0,0.0,14.8
2024-10-25,Seattle,15.4,6.9,0.0,0.0,28.2
2024-10-26,Seattle,16.5,12.5,13.4,0.0,31.0
2024-10-27,Seattle,13.1,9.9,20.6,0.0,32.0
2024-10-28,Seattle,13.0,8.2,0.5,0.0,28.0
2024-10-29,Seattle,11.8,7.1,0.1,0.0,12.1
2024-10-30,Seattle,11.2,7.2,10.4,0.0,19.6
2024-10-31,Seattle,10.6,5.8,5.2,0.0,21.2
2024-11-01,Seattle,10.2,7.9,19.1,0.0,21.2
2024-11-02,Seattle,12.2,8.0,3.5,0.0,21.7
2024-11-03,Seattle,11.4,8.0,0.2,0.0,17.1
2024-11-04,Seattle,14.3,6.8,10.0,0.0,37.2
2024-11-05,Seattle,10.3,5.0,0.0,0.0,13.6
2024-11-06,Seattle,11.1,3.8,0.0,0.0,8.5
2024-11-07,Seattle,11.7,3.4,0.0,0.0,8.7
2024-11-08,Seattle,14.0,6.8,0.0,0.0,16.5
2024-11-09,Seattle,10.9,8.8,4.8,0.0,14.4
2024-11-10,Seattle,12.8,8.6,3.3,0.0,19.0
2024-11-11,Seattle,11.1,8.8,21.7,0.0,32.3
2024-11-12,Seattle,12.0,8.9,7.3,0.0,33.3
2024-11-13,Seattle,12.1,9.5,23.3,0.0,24.1
2024-11-14,Seattle,10.3,7.9,9.2,0.0,29.6
2024-11-15,Seattle,8.5,5.8,2.3,0.0,7.6
2024-11-16,Seattle,8.8,4.5,7.2,0.0,23.1
2024-11-17,Seattle,10.1,5.4,4.2,0.0,37.6
2024-11-18,Seattle,6.6,4.3,3.8,0.14,22.6
2024-11-19,Seattle,8.6,3.6,3.7,0.0,38.6
2024-11-20,Seattle,13.1,6.6,2.6,0.0,31.7
2024-11-21,Seattle,9.2,4.7,1.3,0.0,10.7
2024-11-22,Seattle,13.7,5.9,10.5,0.0,27.3
2024-11-23,Seattle,9.8,5.9,0.8,0.0,21.8
2024-11-24,Seattle,8.1,5.2,6.1,0.0,14.4
2024-11-25,Seattle,8.6,6.2,10.7,0.0,9.0
2024-11-26,Seattle,8.7,6.4,0.0,0.0,7.9
2024-11-27,Seattle,7.7,5.8,0.1,0.0,7.5
2024-11-28,Seattle,7.8,3.9,0.0,0.0,12.1
2024-11-29,Seattle,5.9,3.4,0.0,0.0,9.4
2024-11-30,Seattle,6.7,2.8,0.0,0.0,5.4
2024-12-01,Seattle,8.6,2.9,0.0,0.0,7.2
2024-12-02,Seattle,5.9,1.2,0.0,0.0,5.6
2024-12-03,Seattle,7.0,2.4,0.0,0.0,7.8
2024-12-04,Seattle,7.0,0.6,0.0,0.0,9.8
2024-12-05,Seattle,7.5,1.3,0.0,0.0,8.9
2024-12-06,Seattle,9.0,3.4,0.0,0.0,18.4
2024-12-07,Seattle,10.4,7.3,20.0,0.0,29.5
2024-12-08,Seattle,8.5,4.7,1.3,0.0,30.1
2024-12-09,Seattle,7.5,4.6,0.0,0.0,8.4
2024-12-10,Seattle,6.6,2.5,0.0,0.0,9.7
2024-12-11,Seattle,8.2,3.0,0.0,0.0,8.7
2024-12-12,Seattle,6.5,2.5,1.5,0.0,8.4
2024-12-13,Seattle,8.6,4.0,12.6,0.0,21.4
2024-12-14,Seattle,9.8,5.9,8.9,0.0,39.4
2024-12-15,Seattle,8.2,4.8,0.3,0.0,22.8
2024-12-16,Seattle,10.4,4.0,5.7,0.0,13.7
2024-12-17,Seattle,12.2,5.3,30.9,0.0,28.7
2024-12-18,Seattle,13.5,7.1,14.9,0.0,40.7
2024-12-19,Seattle,11.9,6.4,11.4,0.0,17.8
2024-12-20,Seattle,13.5,6.6,1.5,0.0,21.7
2024-12-21,Seattle,11.2,6.6,5.8,0.0,20.2
2024-12-22,Seattle,9.6,5.1,7.2,0.0,23.0
2024-12-23,Seattle,11.6,8.2,3.2,0.0,32.9
2024-12-24,Seattle,10.9,6.9,3.4,0.0,25.5
2024-12-25,Seattle,7.5,6.0,20.7,0.0,22.9
2024-12-26,Seattle,10.3,6.2,21.6,0.0,37.3
2024-12-27,Seattle,9.0,5.4,11.1,0.0,21.5
2024-12-28,Seattle,10.6,6.9,6.7,0.0,32.2
2024-12-29,Seattle,7.8,5.2,14.5,0.0,18.1
2024-12-30,Seattle,7.6,4.8,2.6,0.0,21.9
2024-12-31,Seattle,6.6,4.4,0.5,0.0,12.5
2026-10-06,Chicago,21.5,8.3,0.0,0.0,19.2
2026-10-07,Chicago,20.8,10.6,0.0,0.0,16.6
2026-10-08,Chicago,19.2,15.0,0.0,0.0,15.6
2026-10-09,Chicago,20.2,13.9,0.0,0.0,15.6
2026-10-10,Chicago,27.9,17.4,0.0,0.0,19.2
2026-10-11,Chicago,23.5,16.8,0.0,0.0,16.3
2026-10-12,Chicago,16.5,13.9,0.0,0.0,21.7
2026-10-06,Denver,30.3,11.3,0.0,0.0,11.2
2026-10-07,Denver,30.3,11.1,0.0,0.0,22.6
2026-10-08,Denver,28.9,18.4,0.0,0.0,14.3
2026-10-09,Denver,29.7,18.9,0.0,0.0,33.4
2026-10-10,Denver,27.7,18.2,0.1,0.0,15.0
2026-10-11,Denver,23.8,17.4,0.0,0.0,19.5
2026-10-12,Denver,23.6,13.3,0.0,0.0,11.2
2026-10-06,Miami,29.2,24.1,47.5,0.0,14.4
2026-10-07,Miami,28.8,23.7,22.0,0.0,15.9
2026-10-08,Miami,30.2,24.9,0.5,0.0,20.7
2026-10-09,Miami,30.2,27.9,1.0,0.0,21.2
2026-10-10,Miami,29.8,27.6,11.5,0.0,32.5
2026-10-11,Miami,30.1,28.2,1.8,0.0,24.8
2026-10-12,Miami,30.2,28.2,0.9,0.0,20.1
2026-10-06,New York,17.3,7.7,0.0,0.0,18.2
2026-10-07,New York,19.9,7.4,0.0,0.0,22.2
2026-10-08,New York,24.4,14.5,0.0,0.0,19.1
2026-10-09,New York,20.6,14.4,0.0,0.0,21.6
2026-10-10,New York,17.7,12.6,0.0,0.0,20.0
2026-10-11,New York,21.4,14.7,0.0,0.0,19.7
2026-10-12,New York,18.4,15.7,28.2,0.0,18.7
2026-10-06,Phoenix,37.4,25.0,0.0,0.0,13.7
2026-10-07,Phoenix,38.8,23.8,0.0,0.0,9.0
2026-10-08,Phoenix,37.8,30.5,0.0,0.0,10.9
2026-10-09,Phoenix,37.2,30.7,0.0,0.0,20.0
2026-10-10,Phoenix,36.7,29.7,0.1,0.0,20.1
2026-10-11,Phoenix,34.1,27.3,11.4,0.0,51.4
2026-10-12,Phoenix,30.8,25.4,3.0,0.0,26.5
2026-10-06,Seattle,17.0,10.4,0.0,0.0,12.6
2026-10-07,Seattle,19.8,9.1,0.0,0.0,11.7
2026-10-08,Seattle,23.6,10.7,0.0,0.0,7.8
2026-10-09,Seattle,14.8,10.3,1.4,0.0,16.3
2026-10-10,Seattle,14.7,8.6,0.5,0.0,14.0
2026-10-11,Seattle,14.6,7.5,0.0,0.0,12.6
2026-10-12,Seattle,16.8,5.4,0.0,0.0,10.7
